filename,notes,authors,licenses,urls
"body/bodies/male/spellcast.png","see details at https://opengameart.org/content/lpc-character-bases; 'Thick' Male Revised Run/Climb by JaidynReiman (based on ElizaWy's LPC Revised)" ,"bluecarrot16,JaidynReiman,Benjamin K. Smith (BenCreating),Evert,Eliza Wyatt (ElizaWy),TheraHedwig,MuffinElZangano,Durrani,Johannes Sjölund (wulax),Stephen Challener (Redshrike)" ,"OGA-BY 3.0,CC-BY-SA 3.0,GPL 3.0" ,"https://opengameart.org/content/liberated-pixel-cup-lpc-base-assets-sprites-map-tiles,https://opengameart.org/content/lpc-medieval-fantasy-character-sprites,https://opengameart.org/content/lpc-male-jumping-animation-by-durrani,https://opengameart.org/content/lpc-runcycle-and-diagonal-walkcycle,https://opengameart.org/content/lpc-revised-character-basics,https://opengameart.org/content/lpc-be-seated,https://opengameart.org/content/lpc-runcycle-for-male-muscular-and-pregnant-character-bases-with-modular-heads,https://opengameart.org/content/lpc-jump-expanded,https://opengameart.org/content/lpc-character-bases" 
"body/bodies/female/spellcast.png","see details at https://opengameart.org/content/lpc-character-bases" ,"Benjamin K. Smith (BenCreating),bluecarrot16,TheraHedwig,Evert,MuffinElZangano,Durrani,Pierre Vigier (pvigier),ElizaWy,Matthew Krohn (makrohn),Johannes Sjölund (wulax),Stephen Challener (Redshrike)" ,"OGA-BY 3.0,CC-BY-SA 3.0,GPL 3.0" ,"https://opengameart.org/content/liberated-pixel-cup-lpc-base-assets-sprites-map-tiles,https://opengameart.org/content/lpc-medieval-fantasy-character-sprites,https://opengameart.org/content/lpc-ladies,https://opengameart.org/content/lpc-7-womens-shirts,https://opengameart.org/content/lpc-jump-expanded,https://opengameart.org/content/lpc-be-seated,https://opengameart.org/content/lpc-revised-character-basics,https://gitlab.com/vagabondgame/lpc-characters,https://opengameart.org/content/lpc-male-jumping-animation-by-durrani,https://opengameart.org/content/lpc-runcycle-and-diagonal-walkcycle" 
"body/bodies/male/thrust.png","see details at https://opengameart.org/content/lpc-character-bases; 'Thick' Male Revised Run/Climb by JaidynReiman (based on ElizaWy's LPC Revised)" ,"bluecarrot16,JaidynReiman,Benjamin K. Smith (BenCreating),Evert,Eliza Wyatt (ElizaWy),TheraHedwig,MuffinElZangano,Durrani,Johannes Sjölund (wulax),Stephen Challener (Redshrike)" ,"OGA-BY 3.0,CC-BY-SA 3.0,GPL 3.0" ,"https://opengameart.org/content/liberated-pixel-cup-lpc-base-assets-sprites-map-tiles,https://opengameart.org/content/lpc-medieval-fantasy-character-sprites,https://opengameart.org/content/lpc-male-jumping-animation-by-durrani,https://opengameart.org/content/lpc-runcycle-and-diagonal-walkcycle,https://opengameart.org/content/lpc-revised-character-basics,https://opengameart.org/content/lpc-be-seated,https://opengameart.org/content/lpc-runcycle-for-male-muscular-and-pregnant-character-bases-with-modular-heads,https://opengameart.org/content/lpc-jump-expanded,https://opengameart.org/content/lpc-character-bases" 
"body/bodies/female/thrust.png","see details at https://opengameart.org/content/lpc-character-bases" ,"Benjamin K. Smith (BenCreating),bluecarrot16,TheraHedwig,Evert,MuffinElZangano,Durrani,Pierre Vigier (pvigier),ElizaWy,Matthew Krohn (makrohn),Johannes Sjölund (wulax),Stephen Challener (Redshrike)" ,"OGA-BY 3.0,CC-BY-SA 3.0,GPL 3.0" ,"https://opengameart.org/content/liberated-pixel-cup-lpc-base-assets-sprites-map-tiles,https://opengameart.org/content/lpc-medieval-fantasy-character-sprites,https://opengameart.org/content/lpc-ladies,https://opengameart.org/content/lpc-7-womens-shirts,https://opengameart.org/content/lpc-jump-expanded,https://opengameart.org/content/lpc-be-seated,https://opengameart.org/content/lpc-revised-character-basics,https://gitlab.com/vagabondgame/lpc-characters,https://opengameart.org/content/lpc-male-jumping-animation-by-durrani,https://opengameart.org/content/lpc-runcycle-and-diagonal-walkcycle" 
"body/bodies/male/walk.png","see details at https://opengameart.org/content/lpc-character-bases; 'Thick' Male Revised Run/Climb by JaidynReiman (based on ElizaWy's LPC Revised)" ,"bluecarrot16,JaidynReiman,Benjamin K. Smith (BenCreating),Evert,Eliza Wyatt (ElizaWy),TheraHedwig,MuffinElZangano,Durrani,Johannes Sjölund (wulax),Stephen Challener (Redshrike)" ,"OGA-BY 3.0,CC-BY-SA 3.0,GPL 3.0" ,"https://opengameart.org/content/liberated-pixel-cup-lpc-base-assets-sprites-map-tiles,https://opengameart.org/content/lpc-medieval-fantasy-character-sprites,https://opengameart.org/content/lpc-male-jumping-animation-by-durrani,https://opengameart.org/content/lpc-runcycle-and-diagonal-walkcycle,https://opengameart.org/content/lpc-revised-character-basics,https://opengameart.org/content/lpc-be-seated,https://opengameart.org/content/lpc-runcycle-for-male-muscular-and-pregnant-character-bases-with-modular-heads,https://opengameart.org/content/lpc-jump-expanded,https://opengameart.org/content/lpc-character-bases" 
"body/bodies/female/walk.png","see details at https://opengameart.org/content/lpc-character-bases" ,"Benjamin K. Smith (BenCreating),bluecarrot16,TheraHedwig,Evert,MuffinElZangano,Durrani,Pierre Vigier (pvigier),ElizaWy,Matthew Krohn (makrohn),Johannes Sjölund (wulax),Stephen Challener (Redshrike)" ,"OGA-BY 3.0,CC-BY-SA 3.0,GPL 3.0" ,"https://opengameart.org/content/liberated-pixel-cup-lpc-base-assets-sprites-map-tiles,https://opengameart.org/content/lpc-medieval-fantasy-character-sprites,https://opengameart.org/content/lpc-ladies,https://opengameart.org/content/lpc-7-womens-shirts,https://opengameart.org/content/lpc-jump-expanded,https://opengameart.org/content/lpc-be-seated,https://opengameart.org/content/lpc-revised-character-basics,https://gitlab.com/vagabondgame/lpc-characters,https://opengameart.org/content/lpc-male-jumping-animation-by-durrani,https://opengameart.org/content/lpc-runcycle-and-diagonal-walkcycle" 
"body/bodies/male/slash.png","see details at https://opengameart.org/content/lpc-character-bases; 'Thick' Male Revised Run/Climb by JaidynReiman (based on ElizaWy's LPC Revised)" ,"bluecarrot16,JaidynReiman,Benjamin K. Smith (BenCreating),Evert,Eliza Wyatt (ElizaWy),TheraHedwig,MuffinElZangano,Durrani,Johannes Sjölund (wulax),Stephen Challener (Redshrike)" ,"OGA-BY 3.0,CC-BY-SA 3.0,GPL 3.0" ,"https://opengameart.org/content/liberated-pixel-cup-lpc-base-assets-sprites-map-tiles,https://opengameart.org/content/lpc-medieval-fantasy-character-sprites,https://opengameart.org/content/lpc-male-jumping-animation-by-durrani,https://opengameart.org/content/lpc-runcycle-and-diagonal-walkcycle,https://opengameart.org/content/lpc-revised-character-basics,https://opengameart.org/content/lpc-be-seated,https://opengameart.org/content/lpc-runcycle-for-male-muscular-and-pregnant-character-bases-with-modular-heads,https://opengameart.org/content/lpc-jump-expanded,https://opengameart.org/content/lpc-character-bases" 
"body/bodies/female/slash.png","see details at https://opengameart.org/content/lpc-character-bases" ,"Benjamin K. Smith (BenCreating),bluecarrot16,TheraHedwig,Evert,MuffinElZangano,Durrani,Pierre Vigier (pvigier),ElizaWy,Matthew Krohn (makrohn),Johannes Sjölund (wulax),Stephen Challener (Redshrike)" ,"OGA-BY 3.0,CC-BY-SA 3.0,GPL 3.0" ,"https://opengameart.org/content/liberated-pixel-cup-lpc-base-assets-sprites-map-tiles,https://opengameart.org/content/lpc-medieval-fantasy-character-sprites,https://opengameart.org/content/lpc-ladies,https://opengameart.org/content/lpc-7-womens-shirts,https://opengameart.org/content/lpc-jump-expanded,https://opengameart.org/content/lpc-be-seated,https://opengameart.org/content/lpc-revised-character-basics,https://gitlab.com/vagabondgame/lpc-characters,https://opengameart.org/content/lpc-male-jumping-animation-by-durrani,https://opengameart.org/content/lpc-runcycle-and-diagonal-walkcycle" 
"body/bodies/male/shoot.png","see details at https://opengameart.org/content/lpc-character-bases; 'Thick' Male Revised Run/Climb by JaidynReiman (based on ElizaWy's LPC Revised)" ,"bluecarrot16,JaidynReiman,Benjamin K. Smith (BenCreating),Evert,Eliza Wyatt (ElizaWy),TheraHedwig,MuffinElZangano,Durrani,Johannes Sjölund (wulax),Stephen Challener (Redshrike)" ,"OGA-BY 3.0,CC-BY-SA 3.0,GPL 3.0" ,"https://opengameart.org/content/liberated-pixel-cup-lpc-base-assets-sprites-map-tiles,https://opengameart.org/content/lpc-medieval-fantasy-character-sprites,https://opengameart.org/content/lpc-male-jumping-animation-by-durrani,https://opengameart.org/content/lpc-runcycle-and-diagonal-walkcycle,https://opengameart.org/content/lpc-revised-character-basics,https://opengameart.org/content/lpc-be-seated,https://opengameart.org/content/lpc-runcycle-for-male-muscular-and-pregnant-character-bases-with-modular-heads,https://opengameart.org/content/lpc-jump-expanded,https://opengameart.org/content/lpc-character-bases" 
"body/bodies/female/shoot.png","see details at https://opengameart.org/content/lpc-character-bases" ,"Benjamin K. Smith (BenCreating),bluecarrot16,TheraHedwig,Evert,MuffinElZangano,Durrani,Pierre Vigier (pvigier),ElizaWy,Matthew Krohn (makrohn),Johannes Sjölund (wulax),Stephen Challener (Redshrike)" ,"OGA-BY 3.0,CC-BY-SA 3.0,GPL 3.0" ,"https://opengameart.org/content/liberated-pixel-cup-lpc-base-assets-sprites-map-tiles,https://opengameart.org/content/lpc-medieval-fantasy-character-sprites,https://opengameart.org/content/lpc-ladies,https://opengameart.org/content/lpc-7-womens-shirts,https://opengameart.org/content/lpc-jump-expanded,https://opengameart.org/content/lpc-be-seated,https://opengameart.org/content/lpc-revised-character-basics,https://gitlab.com/vagabondgame/lpc-characters,https://opengameart.org/content/lpc-male-jumping-animation-by-durrani,https://opengameart.org/content/lpc-runcycle-and-diagonal-walkcycle" 
"body/bodies/male/hurt.png","see details at https://opengameart.org/content/lpc-character-bases; 'Thick' Male Revised Run/Climb by JaidynReiman (based on ElizaWy's LPC Revised)" ,"bluecarrot16,JaidynReiman,Benjamin K. Smith (BenCreating),Evert,Eliza Wyatt (ElizaWy),TheraHedwig,MuffinElZangano,Durrani,Johannes Sjölund (wulax),Stephen Challener (Redshrike)" ,"OGA-BY 3.0,CC-BY-SA 3.0,GPL 3.0" ,"https://opengameart.org/content/liberated-pixel-cup-lpc-base-assets-sprites-map-tiles,https://opengameart.org/content/lpc-medieval-fantasy-character-sprites,https://opengameart.org/content/lpc-male-jumping-animation-by-durrani,https://opengameart.org/content/lpc-runcycle-and-diagonal-walkcycle,https://opengameart.org/content/lpc-revised-character-basics,https://opengameart.org/content/lpc-be-seated,https://opengameart.org/content/lpc-runcycle-for-male-muscular-and-pregnant-character-bases-with-modular-heads,https://opengameart.org/content/lpc-jump-expanded,https://opengameart.org/content/lpc-character-bases" 
"body/bodies/female/hurt.png","see details at https://opengameart.org/content/lpc-character-bases" ,"Benjamin K. Smith (BenCreating),bluecarrot16,TheraHedwig,Evert,MuffinElZangano,Durrani,Pierre Vigier (pvigier),ElizaWy,Matthew Krohn (makrohn),Johannes Sjölund (wulax),Stephen Challener (Redshrike)" ,"OGA-BY 3.0,CC-BY-SA 3.0,GPL 3.0" ,"https://opengameart.org/content/liberated-pixel-cup-lpc-base-assets-sprites-map-tiles,https://opengameart.org/content/lpc-medieval-fantasy-character-sprites,https://opengameart.org/content/lpc-ladies,https://opengameart.org/content/lpc-7-womens-shirts,https://opengameart.org/content/lpc-jump-expanded,https://opengameart.org/content/lpc-be-seated,https://opengameart.org/content/lpc-revised-character-basics,https://gitlab.com/vagabondgame/lpc-characters,https://opengameart.org/content/lpc-male-jumping-animation-by-durrani,https://opengameart.org/content/lpc-runcycle-and-diagonal-walkcycle" 
"body/bodies/male/idle.png","see details at https://opengameart.org/content/lpc-character-bases; 'Thick' Male Revised Run/Climb by JaidynReiman (based on ElizaWy's LPC Revised)" ,"bluecarrot16,JaidynReiman,Benjamin K. Smith (BenCreating),Evert,Eliza Wyatt (ElizaWy),TheraHedwig,MuffinElZangano,Durrani,Johannes Sjölund (wulax),Stephen Challener (Redshrike)" ,"OGA-BY 3.0,CC-BY-SA 3.0,GPL 3.0" ,"https://opengameart.org/content/liberated-pixel-cup-lpc-base-assets-sprites-map-tiles,https://opengameart.org/content/lpc-medieval-fantasy-character-sprites,https://opengameart.org/content/lpc-male-jumping-animation-by-durrani,https://opengameart.org/content/lpc-runcycle-and-diagonal-walkcycle,https://opengameart.org/content/lpc-revised-character-basics,https://opengameart.org/content/lpc-be-seated,https://opengameart.org/content/lpc-runcycle-for-male-muscular-and-pregnant-character-bases-with-modular-heads,https://opengameart.org/content/lpc-jump-expanded,https://opengameart.org/content/lpc-character-bases" 
"body/bodies/female/idle.png","see details at https://opengameart.org/content/lpc-character-bases" ,"Benjamin K. Smith (BenCreating),bluecarrot16,TheraHedwig,Evert,MuffinElZangano,Durrani,Pierre Vigier (pvigier),ElizaWy,Matthew Krohn (makrohn),Johannes Sjölund (wulax),Stephen Challener (Redshrike)" ,"OGA-BY 3.0,CC-BY-SA 3.0,GPL 3.0" ,"https://opengameart.org/content/liberated-pixel-cup-lpc-base-assets-sprites-map-tiles,https://opengameart.org/content/lpc-medieval-fantasy-character-sprites,https://opengameart.org/content/lpc-ladies,https://opengameart.org/content/lpc-7-womens-shirts,https://opengameart.org/content/lpc-jump-expanded,https://opengameart.org/content/lpc-be-seated,https://opengameart.org/content/lpc-revised-character-basics,https://gitlab.com/vagabondgame/lpc-characters,https://opengameart.org/content/lpc-male-jumping-animation-by-durrani,https://opengameart.org/content/lpc-runcycle-and-diagonal-walkcycle" 
"body/bodies/skeleton/spellcast.png","" ,"bluecarrot16,Napsio,JaidynReiman,Johannes Sjölund (wulax),Stephen Challener (Redshrike)" ,"OGA-BY 3.0,CC-BY-SA 3.0,GPL 3.0" ,"https://opengameart.org/content/liberated-pixel-cup-lpc-base-assets-sprites-map-tiles,https://opengameart.org/content/lpc-medieval-fantasy-character-sprites,https://opengameart.org/content/lpc-skeleton,https://opengameart.org/content/lpc-character-bases" 
"body/bodies/skeleton/thrust.png","" ,"bluecarrot16,Napsio,JaidynReiman,Johannes Sjölund (wulax),Stephen Challener (Redshrike)" ,"OGA-BY 3.0,CC-BY-SA 3.0,GPL 3.0" ,"https://opengameart.org/content/liberated-pixel-cup-lpc-base-assets-sprites-map-tiles,https://opengameart.org/content/lpc-medieval-fantasy-character-sprites,https://opengameart.org/content/lpc-skeleton,https://opengameart.org/content/lpc-character-bases" 
"body/bodies/skeleton/walk.png","" ,"bluecarrot16,Napsio,JaidynReiman,Johannes Sjölund (wulax),Stephen Challener (Redshrike)" ,"OGA-BY 3.0,CC-BY-SA 3.0,GPL 3.0" ,"https://opengameart.org/content/liberated-pixel-cup-lpc-base-assets-sprites-map-tiles,https://opengameart.org/content/lpc-medieval-fantasy-character-sprites,https://opengameart.org/content/lpc-skeleton,https://opengameart.org/content/lpc-character-bases" 
"body/bodies/skeleton/slash.png","" ,"bluecarrot16,Napsio,JaidynReiman,Johannes Sjölund (wulax),Stephen Challener (Redshrike)" ,"OGA-BY 3.0,CC-BY-SA 3.0,GPL 3.0" ,"https://opengameart.org/content/liberated-pixel-cup-lpc-base-assets-sprites-map-tiles,https://opengameart.org/content/lpc-medieval-fantasy-character-sprites,https://opengameart.org/content/lpc-skeleton,https://opengameart.org/content/lpc-character-bases" 
"body/bodies/skeleton/shoot.png","" ,"bluecarrot16,Napsio,JaidynReiman,Johannes Sjölund (wulax),Stephen Challener (Redshrike)" ,"OGA-BY 3.0,CC-BY-SA 3.0,GPL 3.0" ,"https://opengameart.org/content/liberated-pixel-cup-lpc-base-assets-sprites-map-tiles,https://opengameart.org/content/lpc-medieval-fantasy-character-sprites,https://opengameart.org/content/lpc-skeleton,https://opengameart.org/content/lpc-character-bases" 
"body/bodies/skeleton/hurt.png","" ,"bluecarrot16,Napsio,JaidynReiman,Johannes Sjölund (wulax),Stephen Challener (Redshrike)" ,"OGA-BY 3.0,CC-BY-SA 3.0,GPL 3.0" ,"https://opengameart.org/content/liberated-pixel-cup-lpc-base-assets-sprites-map-tiles,https://opengameart.org/content/lpc-medieval-fantasy-character-sprites,https://opengameart.org/content/lpc-skeleton,https://opengameart.org/content/lpc-character-bases" 
"body/bodies/skeleton/idle.png","" ,"bluecarrot16,Napsio,JaidynReiman,Johannes Sjölund (wulax),Stephen Challener (Redshrike)" ,"OGA-BY 3.0,CC-BY-SA 3.0,GPL 3.0" ,"https://opengameart.org/content/liberated-pixel-cup-lpc-base-assets-sprites-map-tiles,https://opengameart.org/content/lpc-medieval-fantasy-character-sprites,https://opengameart.org/content/lpc-skeleton,https://opengameart.org/content/lpc-character-bases" 
"head/heads/human/female_elderly/spellcast.png","" ,"Benjamin K. Smith (BenCreating),Eliza Wyatt (ElizaWy),Stephen Challener (Redshrike)" ,"OGA-BY 3.0,CC-BY 3.0" ,"https://opengameart.org/content/liberated-pixel-cup-lpc-base-assets-sprites-map-tiles,https://opengameart.org/content/lpc-revised-elders,https://opengameart.org/content/lpc-character-bases" 
"head/heads/human/female_elderly/thrust.png","" ,"Benjamin K. Smith (BenCreating),Eliza Wyatt (ElizaWy),Stephen Challener (Redshrike)" ,"OGA-BY 3.0,CC-BY 3.0" ,"https://opengameart.org/content/liberated-pixel-cup-lpc-base-assets-sprites-map-tiles,https://opengameart.org/content/lpc-revised-elders,https://opengameart.org/content/lpc-character-bases" 
"head/heads/human/female_elderly/walk.png","" ,"Benjamin K. Smith (BenCreating),Eliza Wyatt (ElizaWy),Stephen Challener (Redshrike)" ,"OGA-BY 3.0,CC-BY 3.0" ,"https://opengameart.org/content/liberated-pixel-cup-lpc-base-assets-sprites-map-tiles,https://opengameart.org/content/lpc-revised-elders,https://opengameart.org/content/lpc-character-bases" 
"head/heads/human/female_elderly/slash.png","" ,"Benjamin K. Smith (BenCreating),Eliza Wyatt (ElizaWy),Stephen Challener (Redshrike)" ,"OGA-BY 3.0,CC-BY 3.0" ,"https://opengameart.org/content/liberated-pixel-cup-lpc-base-assets-sprites-map-tiles,https://opengameart.org/content/lpc-revised-elders,https://opengameart.org/content/lpc-character-bases" 
"head/heads/human/female_elderly/shoot.png","" ,"Benjamin K. Smith (BenCreating),Eliza Wyatt (ElizaWy),Stephen Challener (Redshrike)" ,"OGA-BY 3.0,CC-BY 3.0" ,"https://opengameart.org/content/liberated-pixel-cup-lpc-base-assets-sprites-map-tiles,https://opengameart.org/content/lpc-revised-elders,https://opengameart.org/content/lpc-character-bases" 
"head/heads/human/female_elderly/hurt.png","" ,"Benjamin K. Smith (BenCreating),Eliza Wyatt (ElizaWy),Stephen Challener (Redshrike)" ,"OGA-BY 3.0,CC-BY 3.0" ,"https://opengameart.org/content/liberated-pixel-cup-lpc-base-assets-sprites-map-tiles,https://opengameart.org/content/lpc-revised-elders,https://opengameart.org/content/lpc-character-bases" 
"head/heads/human/female_elderly/idle.png","" ,"Benjamin K. Smith (BenCreating),Eliza Wyatt (ElizaWy),Stephen Challener (Redshrike)" ,"OGA-BY 3.0,CC-BY 3.0" ,"https://opengameart.org/content/liberated-pixel-cup-lpc-base-assets-sprites-map-tiles,https://opengameart.org/content/lpc-revised-elders,https://opengameart.org/content/lpc-character-bases" 
"head/heads/human/female/spellcast.png","original head by Redshrike, tweaks by BenCreating, modular version by bluecarrot16" ,"bluecarrot16,Benjamin K. Smith (BenCreating),Stephen Challener (Redshrike)" ,"OGA-BY 3.0,CC-BY-SA 3.0,GPL 3.0" ,"https://opengameart.org/content/,https://opengameart.org/content/lpc-character-bases" 
"head/heads/human/female/thrust.png","original head by Redshrike, tweaks by BenCreating, modular version by bluecarrot16" ,"bluecarrot16,Benjamin K. Smith (BenCreating),Stephen Challener (Redshrike)" ,"OGA-BY 3.0,CC-BY-SA 3.0,GPL 3.0" ,"https://opengameart.org/content/,https://opengameart.org/content/lpc-character-bases" 
"head/heads/human/female/walk.png","original head by Redshrike, tweaks by BenCreating, modular version by bluecarrot16" ,"bluecarrot16,Benjamin K. Smith (BenCreating),Stephen Challener (Redshrike)" ,"OGA-BY 3.0,CC-BY-SA 3.0,GPL 3.0" ,"https://opengameart.org/content/,https://opengameart.org/content/lpc-character-bases" 
"head/heads/human/female/slash.png","original head by Redshrike, tweaks by BenCreating, modular version by bluecarrot16" ,"bluecarrot16,Benjamin K. Smith (BenCreating),Stephen Challener (Redshrike)" ,"OGA-BY 3.0,CC-BY-SA 3.0,GPL 3.0" ,"https://opengameart.org/content/,https://opengameart.org/content/lpc-character-bases" 
"head/heads/human/female/shoot.png","original head by Redshrike, tweaks by BenCreating, modular version by bluecarrot16" ,"bluecarrot16,Benjamin K. Smith (BenCreating),Stephen Challener (Redshrike)" ,"OGA-BY 3.0,CC-BY-SA 3.0,GPL 3.0" ,"https://opengameart.org/content/,https://opengameart.org/content/lpc-character-bases" 
"head/heads/human/female/hurt.png","original head by Redshrike, tweaks by BenCreating, modular version by bluecarrot16" ,"bluecarrot16,Benjamin K. Smith (BenCreating),Stephen Challener (Redshrike)" ,"OGA-BY 3.0,CC-BY-SA 3.0,GPL 3.0" ,"https://opengameart.org/content/,https://opengameart.org/content/lpc-character-bases" 
"head/heads/human/female/idle.png","original head by Redshrike, tweaks by BenCreating, modular version by bluecarrot16" ,"bluecarrot16,Benjamin K. Smith (BenCreating),Stephen Challener (Redshrike)" ,"OGA-BY 3.0,CC-BY-SA 3.0,GPL 3.0" ,"https://opengameart.org/content/,https://opengameart.org/content/lpc-character-bases" 
"head/heads/human/male_elderly/spellcast.png","" ,"Benjamin K. Smith (BenCreating),Eliza Wyatt (ElizaWy),Stephen Challener (Redshrike)" ,"OGA-BY 3.0,CC-BY 3.0" ,"https://opengameart.org/content/liberated-pixel-cup-lpc-base-assets-sprites-map-tiles,https://opengameart.org/content/lpc-revised-elders,https://opengameart.org/content/lpc-character-bases" 
"head/heads/human/male_elderly/thrust.png","" ,"Benjamin K. Smith (BenCreating),Eliza Wyatt (ElizaWy),Stephen Challener (Redshrike)" ,"OGA-BY 3.0,CC-BY 3.0" ,"https://opengameart.org/content/liberated-pixel-cup-lpc-base-assets-sprites-map-tiles,https://opengameart.org/content/lpc-revised-elders,https://opengameart.org/content/lpc-character-bases" 
"head/heads/human/male_elderly/walk.png","" ,"Benjamin K. Smith (BenCreating),Eliza Wyatt (ElizaWy),Stephen Challener (Redshrike)" ,"OGA-BY 3.0,CC-BY 3.0" ,"https://opengameart.org/content/liberated-pixel-cup-lpc-base-assets-sprites-map-tiles,https://opengameart.org/content/lpc-revised-elders,https://opengameart.org/content/lpc-character-bases" 
"head/heads/human/male_elderly/slash.png","" ,"Benjamin K. Smith (BenCreating),Eliza Wyatt (ElizaWy),Stephen Challener (Redshrike)" ,"OGA-BY 3.0,CC-BY 3.0" ,"https://opengameart.org/content/liberated-pixel-cup-lpc-base-assets-sprites-map-tiles,https://opengameart.org/content/lpc-revised-elders,https://opengameart.org/content/lpc-character-bases" 
"head/heads/human/male_elderly/shoot.png","" ,"Benjamin K. Smith (BenCreating),Eliza Wyatt (ElizaWy),Stephen Challener (Redshrike)" ,"OGA-BY 3.0,CC-BY 3.0" ,"https://opengameart.org/content/liberated-pixel-cup-lpc-base-assets-sprites-map-tiles,https://opengameart.org/content/lpc-revised-elders,https://opengameart.org/content/lpc-character-bases" 
"head/heads/human/male_elderly/hurt.png","" ,"Benjamin K. Smith (BenCreating),Eliza Wyatt (ElizaWy),Stephen Challener (Redshrike)" ,"OGA-BY 3.0,CC-BY 3.0" ,"https://opengameart.org/content/liberated-pixel-cup-lpc-base-assets-sprites-map-tiles,https://opengameart.org/content/lpc-revised-elders,https://opengameart.org/content/lpc-character-bases" 
"head/heads/human/male_elderly/idle.png","" ,"Benjamin K. Smith (BenCreating),Eliza Wyatt (ElizaWy),Stephen Challener (Redshrike)" ,"OGA-BY 3.0,CC-BY 3.0" ,"https://opengameart.org/content/liberated-pixel-cup-lpc-base-assets-sprites-map-tiles,https://opengameart.org/content/lpc-revised-elders,https://opengameart.org/content/lpc-character-bases" 
"head/heads/human/male_gaunt/spellcast.png","original head by Redshrike, gaunt version by bluecarrot16" ,"Stephen Challener (Redshrike),bluecarrot16" ,"OGA-BY 3.0,CC-BY-SA 3.0,GPL 3.0" ,"https://opengameart.org/content/liberated-pixel-cup-lpc-base-assets-sprites-map-tiles,https://opengameart.org/content/lpc-folk" 
"head/heads/human/male_gaunt/thrust.png","original head by Redshrike, gaunt version by bluecarrot16" ,"Stephen Challener (Redshrike),bluecarrot16" ,"OGA-BY 3.0,CC-BY-SA 3.0,GPL 3.0" ,"https://opengameart.org/content/liberated-pixel-cup-lpc-base-assets-sprites-map-tiles,https://opengameart.org/content/lpc-folk" 
"head/heads/human/male_gaunt/walk.png","original head by Redshrike, gaunt version by bluecarrot16" ,"Stephen Challener (Redshrike),bluecarrot16" ,"OGA-BY 3.0,CC-BY-SA 3.0,GPL 3.0" ,"https://opengameart.org/content/liberated-pixel-cup-lpc-base-assets-sprites-map-tiles,https://opengameart.org/content/lpc-folk" 
"head/heads/human/male_gaunt/slash.png","original head by Redshrike, gaunt version by bluecarrot16" ,"Stephen Challener (Redshrike),bluecarrot16" ,"OGA-BY 3.0,CC-BY-SA 3.0,GPL 3.0" ,"https://opengameart.org/content/liberated-pixel-cup-lpc-base-assets-sprites-map-tiles,https://opengameart.org/content/lpc-folk" 
"head/heads/human/male_gaunt/shoot.png","original head by Redshrike, gaunt version by bluecarrot16" ,"Stephen Challener (Redshrike),bluecarrot16" ,"OGA-BY 3.0,CC-BY-SA 3.0,GPL 3.0" ,"https://opengameart.org/content/liberated-pixel-cup-lpc-base-assets-sprites-map-tiles,https://opengameart.org/content/lpc-folk" 
"head/heads/human/male_gaunt/hurt.png","original head by Redshrike, gaunt version by bluecarrot16" ,"Stephen Challener (Redshrike),bluecarrot16" ,"OGA-BY 3.0,CC-BY-SA 3.0,GPL 3.0" ,"https://opengameart.org/content/liberated-pixel-cup-lpc-base-assets-sprites-map-tiles,https://opengameart.org/content/lpc-folk" 
"head/heads/human/male_gaunt/idle.png","original head by Redshrike, gaunt version by bluecarrot16" ,"Stephen Challener (Redshrike),bluecarrot16" ,"OGA-BY 3.0,CC-BY-SA 3.0,GPL 3.0" ,"https://opengameart.org/content/liberated-pixel-cup-lpc-base-assets-sprites-map-tiles,https://opengameart.org/content/lpc-folk" 
"head/heads/human/male/spellcast.png","original head by Redshrike, tweaks by BenCreating, modular version by bluecarrot16" ,"bluecarrot16,Benjamin K. Smith (BenCreating),Stephen Challener (Redshrike)" ,"OGA-BY 3.0,CC-BY-SA 3.0,GPL 3.0" ,"https://opengameart.org/content/liberated-pixel-cup-lpc-base-assets-sprites-map-tiles,https://opengameart.org/content/lpc-character-bases" 
"head/heads/human/male/thrust.png","original head by Redshrike, tweaks by BenCreating, modular version by bluecarrot16" ,"bluecarrot16,Benjamin K. Smith (BenCreating),Stephen Challener (Redshrike)" ,"OGA-BY 3.0,CC-BY-SA 3.0,GPL 3.0" ,"https://opengameart.org/content/liberated-pixel-cup-lpc-base-assets-sprites-map-tiles,https://opengameart.org/content/lpc-character-bases" 
"head/heads/human/male/walk.png","original head by Redshrike, tweaks by BenCreating, modular version by bluecarrot16" ,"bluecarrot16,Benjamin K. Smith (BenCreating),Stephen Challener (Redshrike)" ,"OGA-BY 3.0,CC-BY-SA 3.0,GPL 3.0" ,"https://opengameart.org/content/liberated-pixel-cup-lpc-base-assets-sprites-map-tiles,https://opengameart.org/content/lpc-character-bases" 
"head/heads/human/male/slash.png","original head by Redshrike, tweaks by BenCreating, modular version by bluecarrot16" ,"bluecarrot16,Benjamin K. Smith (BenCreating),Stephen Challener (Redshrike)" ,"OGA-BY 3.0,CC-BY-SA 3.0,GPL 3.0" ,"https://opengameart.org/content/liberated-pixel-cup-lpc-base-assets-sprites-map-tiles,https://opengameart.org/content/lpc-character-bases" 
"head/heads/human/male/shoot.png","original head by Redshrike, tweaks by BenCreating, modular version by bluecarrot16" ,"bluecarrot16,Benjamin K. Smith (BenCreating),Stephen Challener (Redshrike)" ,"OGA-BY 3.0,CC-BY-SA 3.0,GPL 3.0" ,"https://opengameart.org/content/liberated-pixel-cup-lpc-base-assets-sprites-map-tiles,https://opengameart.org/content/lpc-character-bases" 
"head/heads/human/male/hurt.png","original head by Redshrike, tweaks by BenCreating, modular version by bluecarrot16" ,"bluecarrot16,Benjamin K. Smith (BenCreating),Stephen Challener (Redshrike)" ,"OGA-BY 3.0,CC-BY-SA 3.0,GPL 3.0" ,"https://opengameart.org/content/liberated-pixel-cup-lpc-base-assets-sprites-map-tiles,https://opengameart.org/content/lpc-character-bases" 
"head/heads/human/male/idle.png","original head by Redshrike, tweaks by BenCreating, modular version by bluecarrot16" ,"bluecarrot16,Benjamin K. Smith (BenCreating),Stephen Challener (Redshrike)" ,"OGA-BY 3.0,CC-BY-SA 3.0,GPL 3.0" ,"https://opengameart.org/content/liberated-pixel-cup-lpc-base-assets-sprites-map-tiles,https://opengameart.org/content/lpc-character-bases" 
"head/heads/skeleton/adult/spellcast.png","" ,"bluecarrot16,Napsio,JaidynReiman,Johannes Sjölund (wulax),Stephen Challener (Redshrike)" ,"OGA-BY 3.0,CC-BY-SA 3.0,GPL 3.0" ,"https://opengameart.org/content/liberated-pixel-cup-lpc-base-assets-sprites-map-tiles,https://opengameart.org/content/lpc-medieval-fantasy-character-sprites,https://opengameart.org/content/lpc-skeleton,https://opengameart.org/content/lpc-character-bases" 
"head/heads/skeleton/adult/thrust.png","" ,"bluecarrot16,Napsio,JaidynReiman,Johannes Sjölund (wulax),Stephen Challener (Redshrike)" ,"OGA-BY 3.0,CC-BY-SA 3.0,GPL 3.0" ,"https://opengameart.org/content/liberated-pixel-cup-lpc-base-assets-sprites-map-tiles,https://opengameart.org/content/lpc-medieval-fantasy-character-sprites,https://opengameart.org/content/lpc-skeleton,https://opengameart.org/content/lpc-character-bases" 
"head/heads/skeleton/adult/walk.png","" ,"bluecarrot16,Napsio,JaidynReiman,Johannes Sjölund (wulax),Stephen Challener (Redshrike)" ,"OGA-BY 3.0,CC-BY-SA 3.0,GPL 3.0" ,"https://opengameart.org/content/liberated-pixel-cup-lpc-base-assets-sprites-map-tiles,https://opengameart.org/content/lpc-medieval-fantasy-character-sprites,https://opengameart.org/content/lpc-skeleton,https://opengameart.org/content/lpc-character-bases" 
"head/heads/skeleton/adult/slash.png","" ,"bluecarrot16,Napsio,JaidynReiman,Johannes Sjölund (wulax),Stephen Challener (Redshrike)" ,"OGA-BY 3.0,CC-BY-SA 3.0,GPL 3.0" ,"https://opengameart.org/content/liberated-pixel-cup-lpc-base-assets-sprites-map-tiles,https://opengameart.org/content/lpc-medieval-fantasy-character-sprites,https://opengameart.org/content/lpc-skeleton,https://opengameart.org/content/lpc-character-bases" 
"head/heads/skeleton/adult/shoot.png","" ,"bluecarrot16,Napsio,JaidynReiman,Johannes Sjölund (wulax),Stephen Challener (Redshrike)" ,"OGA-BY 3.0,CC-BY-SA 3.0,GPL 3.0" ,"https://opengameart.org/content/liberated-pixel-cup-lpc-base-assets-sprites-map-tiles,https://opengameart.org/content/lpc-medieval-fantasy-character-sprites,https://opengameart.org/content/lpc-skeleton,https://opengameart.org/content/lpc-character-bases" 
"head/heads/skeleton/adult/hurt.png","" ,"bluecarrot16,Napsio,JaidynReiman,Johannes Sjölund (wulax),Stephen Challener (Redshrike)" ,"OGA-BY 3.0,CC-BY-SA 3.0,GPL 3.0" ,"https://opengameart.org/content/liberated-pixel-cup-lpc-base-assets-sprites-map-tiles,https://opengameart.org/content/lpc-medieval-fantasy-character-sprites,https://opengameart.org/content/lpc-skeleton,https://opengameart.org/content/lpc-character-bases" 
"head/heads/skeleton/adult/idle.png","" ,"bluecarrot16,Napsio,JaidynReiman,Johannes Sjölund (wulax),Stephen Challener (Redshrike)" ,"OGA-BY 3.0,CC-BY-SA 3.0,GPL 3.0" ,"https://opengameart.org/content/liberated-pixel-cup-lpc-base-assets-sprites-map-tiles,https://opengameart.org/content/lpc-medieval-fantasy-character-sprites,https://opengameart.org/content/lpc-skeleton,https://opengameart.org/content/lpc-character-bases" 
"head/heads/vampire/adult/spellcast.png","original head by Redshrike, gaunt version by bluecarrot16, vampire fangs by bluecarrot16" ,"Stephen Challener (Redshrike),bluecarrot16" ,"OGA-BY 3.0,CC-BY-SA 3.0,GPL 3.0" ,"https://opengameart.org/content/liberated-pixel-cup-lpc-base-assets-sprites-map-tiles,https://opengameart.org/content/lpc-folk" 
"head/heads/vampire/adult/thrust.png","original head by Redshrike, gaunt version by bluecarrot16, vampire fangs by bluecarrot16" ,"Stephen Challener (Redshrike),bluecarrot16" ,"OGA-BY 3.0,CC-BY-SA 3.0,GPL 3.0" ,"https://opengameart.org/content/liberated-pixel-cup-lpc-base-assets-sprites-map-tiles,https://opengameart.org/content/lpc-folk" 
"head/heads/vampire/adult/walk.png","original head by Redshrike, gaunt version by bluecarrot16, vampire fangs by bluecarrot16" ,"Stephen Challener (Redshrike),bluecarrot16" ,"OGA-BY 3.0,CC-BY-SA 3.0,GPL 3.0" ,"https://opengameart.org/content/liberated-pixel-cup-lpc-base-assets-sprites-map-tiles,https://opengameart.org/content/lpc-folk" 
"head/heads/vampire/adult/slash.png","original head by Redshrike, gaunt version by bluecarrot16, vampire fangs by bluecarrot16" ,"Stephen Challener (Redshrike),bluecarrot16" ,"OGA-BY 3.0,CC-BY-SA 3.0,GPL 3.0" ,"https://opengameart.org/content/liberated-pixel-cup-lpc-base-assets-sprites-map-tiles,https://opengameart.org/content/lpc-folk" 
"head/heads/vampire/adult/shoot.png","original head by Redshrike, gaunt version by bluecarrot16, vampire fangs by bluecarrot16" ,"Stephen Challener (Redshrike),bluecarrot16" ,"OGA-BY 3.0,CC-BY-SA 3.0,GPL 3.0" ,"https://opengameart.org/content/liberated-pixel-cup-lpc-base-assets-sprites-map-tiles,https://opengameart.org/content/lpc-folk" 
"head/heads/vampire/adult/hurt.png","original head by Redshrike, gaunt version by bluecarrot16, vampire fangs by bluecarrot16" ,"Stephen Challener (Redshrike),bluecarrot16" ,"OGA-BY 3.0,CC-BY-SA 3.0,GPL 3.0" ,"https://opengameart.org/content/liberated-pixel-cup-lpc-base-assets-sprites-map-tiles,https://opengameart.org/content/lpc-folk" 
"head/heads/vampire/adult/idle.png","original head by Redshrike, gaunt version by bluecarrot16, vampire fangs by bluecarrot16" ,"Stephen Challener (Redshrike),bluecarrot16" ,"OGA-BY 3.0,CC-BY-SA 3.0,GPL 3.0" ,"https://opengameart.org/content/liberated-pixel-cup-lpc-base-assets-sprites-map-tiles,https://opengameart.org/content/lpc-folk" 
"head/heads/zombie/adult/spellcast.png","" ,"bluecarrot16,Benjamin K. Smith (BenCreating),Sander Frenken (castelonia),Stephen Challener (Redshrike)" ,"CC-BY-SA 3.0,GPL 3.0" ,"https://opengameart.org/content/liberated-pixel-cup-lpc-base-assets-sprites-map-tiles,https://opengameart.org/content/lpc-zombie,https://opengameart.org/content/lpc-character-bases" 
"head/heads/zombie/adult/thrust.png","" ,"bluecarrot16,Benjamin K. Smith (BenCreating),Sander Frenken (castelonia),Stephen Challener (Redshrike)" ,"CC-BY-SA 3.0,GPL 3.0" ,"https://opengameart.org/content/liberated-pixel-cup-lpc-base-assets-sprites-map-tiles,https://opengameart.org/content/lpc-zombie,https://opengameart.org/content/lpc-character-bases" 
"head/heads/zombie/adult/walk.png","" ,"bluecarrot16,Benjamin K. Smith (BenCreating),Sander Frenken (castelonia),Stephen Challener (Redshrike)" ,"CC-BY-SA 3.0,GPL 3.0" ,"https://opengameart.org/content/liberated-pixel-cup-lpc-base-assets-sprites-map-tiles,https://opengameart.org/content/lpc-zombie,https://opengameart.org/content/lpc-character-bases" 
"head/heads/zombie/adult/slash.png","" ,"bluecarrot16,Benjamin K. Smith (BenCreating),Sander Frenken (castelonia),Stephen Challener (Redshrike)" ,"CC-BY-SA 3.0,GPL 3.0" ,"https://opengameart.org/content/liberated-pixel-cup-lpc-base-assets-sprites-map-tiles,https://opengameart.org/content/lpc-zombie,https://opengameart.org/content/lpc-character-bases" 
"head/heads/zombie/adult/shoot.png","" ,"bluecarrot16,Benjamin K. Smith (BenCreating),Sander Frenken (castelonia),Stephen Challener (Redshrike)" ,"CC-BY-SA 3.0,GPL 3.0" ,"https://opengameart.org/content/liberated-pixel-cup-lpc-base-assets-sprites-map-tiles,https://opengameart.org/content/lpc-zombie,https://opengameart.org/content/lpc-character-bases" 
"head/heads/zombie/adult/hurt.png","" ,"bluecarrot16,Benjamin K. Smith (BenCreating),Sander Frenken (castelonia),Stephen Challener (Redshrike)" ,"CC-BY-SA 3.0,GPL 3.0" ,"https://opengameart.org/content/liberated-pixel-cup-lpc-base-assets-sprites-map-tiles,https://opengameart.org/content/lpc-zombie,https://opengameart.org/content/lpc-character-bases" 
"head/heads/zombie/adult/idle.png","" ,"bluecarrot16,Benjamin K. Smith (BenCreating),Sander Frenken (castelonia),Stephen Challener (Redshrike)" ,"CC-BY-SA 3.0,GPL 3.0" ,"https://opengameart.org/content/liberated-pixel-cup-lpc-base-assets-sprites-map-tiles,https://opengameart.org/content/lpc-zombie,https://opengameart.org/content/lpc-character-bases" 
"head/heads/goblin/adult/spellcast.png","original goblin by Redshrike, commisioned by William.Thomsponj; modular head extracted and enlarged by bluecarrot16" ,"bluecarrot16,Stephen Challener (Redshrike),William.Thomsponj" ,"OGA-BY 3.0,CC-BY 4.0,GPL 2.0,GPL 3.0" ,"https://opengameart.org/content/lpc-goblin,https://opengameart.org/content/lpc-folk" 
"head/heads/goblin/adult/thrust.png","original goblin by Redshrike, commisioned by William.Thomsponj; modular head extracted and enlarged by bluecarrot16" ,"bluecarrot16,Stephen Challener (Redshrike),William.Thomsponj" ,"OGA-BY 3.0,CC-BY 4.0,GPL 2.0,GPL 3.0" ,"https://opengameart.org/content/lpc-goblin,https://opengameart.org/content/lpc-folk" 
"head/heads/goblin/adult/walk.png","original goblin by Redshrike, commisioned by William.Thomsponj; modular head extracted and enlarged by bluecarrot16" ,"bluecarrot16,Stephen Challener (Redshrike),William.Thomsponj" ,"OGA-BY 3.0,CC-BY 4.0,GPL 2.0,GPL 3.0" ,"https://opengameart.org/content/lpc-goblin,https://opengameart.org/content/lpc-folk" 
"head/heads/goblin/adult/slash.png","original goblin by Redshrike, commisioned by William.Thomsponj; modular head extracted and enlarged by bluecarrot16" ,"bluecarrot16,Stephen Challener (Redshrike),William.Thomsponj" ,"OGA-BY 3.0,CC-BY 4.0,GPL 2.0,GPL 3.0" ,"https://opengameart.org/content/lpc-goblin,https://opengameart.org/content/lpc-folk" 
"head/heads/goblin/adult/shoot.png","original goblin by Redshrike, commisioned by William.Thomsponj; modular head extracted and enlarged by bluecarrot16" ,"bluecarrot16,Stephen Challener (Redshrike),William.Thomsponj" ,"OGA-BY 3.0,CC-BY 4.0,GPL 2.0,GPL 3.0" ,"https://opengameart.org/content/lpc-goblin,https://opengameart.org/content/lpc-folk" 
"head/heads/goblin/adult/hurt.png","original goblin by Redshrike, commisioned by William.Thomsponj; modular head extracted and enlarged by bluecarrot16" ,"bluecarrot16,Stephen Challener (Redshrike),William.Thomsponj" ,"OGA-BY 3.0,CC-BY 4.0,GPL 2.0,GPL 3.0" ,"https://opengameart.org/content/lpc-goblin,https://opengameart.org/content/lpc-folk" 
"head/heads/goblin/adult/idle.png","original goblin by Redshrike, commisioned by William.Thomsponj; modular head extracted and enlarged by bluecarrot16" ,"bluecarrot16,Stephen Challener (Redshrike),William.Thomsponj" ,"OGA-BY 3.0,CC-BY 4.0,GPL 2.0,GPL 3.0" ,"https://opengameart.org/content/lpc-goblin,https://opengameart.org/content/lpc-folk" 
"head/heads/orc/female/spellcast.png","human head adapted to orc by madmarcel, hurt/cast animations made by makrohn, headless version and tweaks by bluecarrot16" ,"bluecarrot16,Matthew Krohn (makrohn),Marcel van de Steeg (MadMarcel),Stephen Challener (Redshrike)" ,"OGA-BY 3.0,CC-BY-SA 3.0,GPL 3.0" ,"https://opengameart.org/content/liberated-pixel-cup-lpc-base-assets-sprites-map-tiles,https://opengameart.org/content/lpc-female-orcogregoblintroll-base-walkcycle,https://opengameart.org/content/lpc-ladies,https://opengameart.org/content/lpc-character-bases" 
"head/heads/orc/female/thrust.png","human head adapted to orc by madmarcel, hurt/cast animations made by makrohn, headless version and tweaks by bluecarrot16" ,"bluecarrot16,Matthew Krohn (makrohn),Marcel van de Steeg (MadMarcel),Stephen Challener (Redshrike)" ,"OGA-BY 3.0,CC-BY-SA 3.0,GPL 3.0" ,"https://opengameart.org/content/liberated-pixel-cup-lpc-base-assets-sprites-map-tiles,https://opengameart.org/content/lpc-female-orcogregoblintroll-base-walkcycle,https://opengameart.org/content/lpc-ladies,https://opengameart.org/content/lpc-character-bases" 
"head/heads/orc/female/walk.png","human head adapted to orc by madmarcel, hurt/cast animations made by makrohn, headless version and tweaks by bluecarrot16" ,"bluecarrot16,Matthew Krohn (makrohn),Marcel van de Steeg (MadMarcel),Stephen Challener (Redshrike)" ,"OGA-BY 3.0,CC-BY-SA 3.0,GPL 3.0" ,"https://opengameart.org/content/liberated-pixel-cup-lpc-base-assets-sprites-map-tiles,https://opengameart.org/content/lpc-female-orcogregoblintroll-base-walkcycle,https://opengameart.org/content/lpc-ladies,https://opengameart.org/content/lpc-character-bases" 
"head/heads/orc/female/slash.png","human head adapted to orc by madmarcel, hurt/cast animations made by makrohn, headless version and tweaks by bluecarrot16" ,"bluecarrot16,Matthew Krohn (makrohn),Marcel van de Steeg (MadMarcel),Stephen Challener (Redshrike)" ,"OGA-BY 3.0,CC-BY-SA 3.0,GPL 3.0" ,"https://opengameart.org/content/liberated-pixel-cup-lpc-base-assets-sprites-map-tiles,https://opengameart.org/content/lpc-female-orcogregoblintroll-base-walkcycle,https://opengameart.org/content/lpc-ladies,https://opengameart.org/content/lpc-character-bases" 
"head/heads/orc/female/shoot.png","human head adapted to orc by madmarcel, hurt/cast animations made by makrohn, headless version and tweaks by bluecarrot16" ,"bluecarrot16,Matthew Krohn (makrohn),Marcel van de Steeg (MadMarcel),Stephen Challener (Redshrike)" ,"OGA-BY 3.0,CC-BY-SA 3.0,GPL 3.0" ,"https://opengameart.org/content/liberated-pixel-cup-lpc-base-assets-sprites-map-tiles,https://opengameart.org/content/lpc-female-orcogregoblintroll-base-walkcycle,https://opengameart.org/content/lpc-ladies,https://opengameart.org/content/lpc-character-bases" 
"head/heads/orc/female/hurt.png","human head adapted to orc by madmarcel, hurt/cast animations made by makrohn, headless version and tweaks by bluecarrot16" ,"bluecarrot16,Matthew Krohn (makrohn),Marcel van de Steeg (MadMarcel),Stephen Challener (Redshrike)" ,"OGA-BY 3.0,CC-BY-SA 3.0,GPL 3.0" ,"https://opengameart.org/content/liberated-pixel-cup-lpc-base-assets-sprites-map-tiles,https://opengameart.org/content/lpc-female-orcogregoblintroll-base-walkcycle,https://opengameart.org/content/lpc-ladies,https://opengameart.org/content/lpc-character-bases" 
"head/heads/orc/female/idle.png","human head adapted to orc by madmarcel, hurt/cast animations made by makrohn, headless version and tweaks by bluecarrot16" ,"bluecarrot16,Matthew Krohn (makrohn),Marcel van de Steeg (MadMarcel),Stephen Challener (Redshrike)" ,"OGA-BY 3.0,CC-BY-SA 3.0,GPL 3.0" ,"https://opengameart.org/content/liberated-pixel-cup-lpc-base-assets-sprites-map-tiles,https://opengameart.org/content/lpc-female-orcogregoblintroll-base-walkcycle,https://opengameart.org/content/lpc-ladies,https://opengameart.org/content/lpc-character-bases" 
"head/heads/orc/male/spellcast.png","Sinbad the ogre design by Zi Ye, original 4-direction sprite by Redshrike, additional hurt/cast animations by makrohn, headless version by bluecarrot16" ,"bluecarrot16,Matthew Krohn (makrohn),Stephen Challener (Redshrike),Zi Ye" ,"OGA-BY 3.0,CC-BY-SA 3.0,GPL 3.0" ,"https://opengameart.org/content/four-characters-my-lpc-entries,https://opengameart.org/content/sinbad-the-ogre,https://opengameart.org/content/lpc-male-sheets,https://opengameart.org/content/lpc-character-bases" 
"head/heads/orc/male/thrust.png","Sinbad the ogre design by Zi Ye, original 4-direction sprite by Redshrike, additional hurt/cast animations by makrohn, headless version by bluecarrot16" ,"bluecarrot16,Matthew Krohn (makrohn),Stephen Challener (Redshrike),Zi Ye" ,"OGA-BY 3.0,CC-BY-SA 3.0,GPL 3.0" ,"https://opengameart.org/content/four-characters-my-lpc-entries,https://opengameart.org/content/sinbad-the-ogre,https://opengameart.org/content/lpc-male-sheets,https://opengameart.org/content/lpc-character-bases" 
"head/heads/orc/male/walk.png","Sinbad the ogre design by Zi Ye, original 4-direction sprite by Redshrike, additional hurt/cast animations by makrohn, headless version by bluecarrot16" ,"bluecarrot16,Matthew Krohn (makrohn),Stephen Challener (Redshrike),Zi Ye" ,"OGA-BY 3.0,CC-BY-SA 3.0,GPL 3.0" ,"https://opengameart.org/content/four-characters-my-lpc-entries,https://opengameart.org/content/sinbad-the-ogre,https://opengameart.org/content/lpc-male-sheets,https://opengameart.org/content/lpc-character-bases" 
"head/heads/orc/male/slash.png","Sinbad the ogre design by Zi Ye, original 4-direction sprite by Redshrike, additional hurt/cast animations by makrohn, headless version by bluecarrot16" ,"bluecarrot16,Matthew Krohn (makrohn),Stephen Challener (Redshrike),Zi Ye" ,"OGA-BY 3.0,CC-BY-SA 3.0,GPL 3.0" ,"https://opengameart.org/content/four-characters-my-lpc-entries,https://opengameart.org/content/sinbad-the-ogre,https://opengameart.org/content/lpc-male-sheets,https://opengameart.org/content/lpc-character-bases" 
"head/heads/orc/male/shoot.png","Sinbad the ogre design by Zi Ye, original 4-direction sprite by Redshrike, additional hurt/cast animations by makrohn, headless version by bluecarrot16" ,"bluecarrot16,Matthew Krohn (makrohn),Stephen Challener (Redshrike),Zi Ye" ,"OGA-BY 3.0,CC-BY-SA 3.0,GPL 3.0" ,"https://opengameart.org/content/four-characters-my-lpc-entries,https://opengameart.org/content/sinbad-the-ogre,https://opengameart.org/content/lpc-male-sheets,https://opengameart.org/content/lpc-character-bases" 
"head/heads/orc/male/hurt.png","Sinbad the ogre design by Zi Ye, original 4-direction sprite by Redshrike, additional hurt/cast animations by makrohn, headless version by bluecarrot16" ,"bluecarrot16,Matthew Krohn (makrohn),Stephen Challener (Redshrike),Zi Ye" ,"OGA-BY 3.0,CC-BY-SA 3.0,GPL 3.0" ,"https://opengameart.org/content/four-characters-my-lpc-entries,https://opengameart.org/content/sinbad-the-ogre,https://opengameart.org/content/lpc-male-sheets,https://opengameart.org/content/lpc-character-bases" 
"head/heads/orc/male/idle.png","Sinbad the ogre design by Zi Ye, original 4-direction sprite by Redshrike, additional hurt/cast animations by makrohn, headless version by bluecarrot16" ,"bluecarrot16,Matthew Krohn (makrohn),Stephen Challener (Redshrike),Zi Ye" ,"OGA-BY 3.0,CC-BY-SA 3.0,GPL 3.0" ,"https://opengameart.org/content/four-characters-my-lpc-entries,https://opengameart.org/content/sinbad-the-ogre,https://opengameart.org/content/lpc-male-sheets,https://opengameart.org/content/lpc-character-bases" 
"head/heads/troll/adult/spellcast.png","original **Muscleman/Ogre/Minotaur** by Reemax, modified to **Troll** by AntumDeluge, edited to LPC style and converted to modular head by bluecarrot16" ,"bluecarrot16,AntumDeluge,Tuomo Untinen (reemax)" ,"CC-BY 3.0" ,"https://opengameart.org/content/musclemanogreminotaur,https://opengameart.org/content/trolls-0,https://opengameart.org/content/lpc-folk" 
"head/heads/troll/adult/thrust.png","original **Muscleman/Ogre/Minotaur** by Reemax, modified to **Troll** by AntumDeluge, edited to LPC style and converted to modular head by bluecarrot16" ,"bluecarrot16,AntumDeluge,Tuomo Untinen (reemax)" ,"CC-BY 3.0" ,"https://opengameart.org/content/musclemanogreminotaur,https://opengameart.org/content/trolls-0,https://opengameart.org/content/lpc-folk" 
"head/heads/troll/adult/walk.png","original **Muscleman/Ogre/Minotaur** by Reemax, modified to **Troll** by AntumDeluge, edited to LPC style and converted to modular head by bluecarrot16" ,"bluecarrot16,AntumDeluge,Tuomo Untinen (reemax)" ,"CC-BY 3.0" ,"https://opengameart.org/content/musclemanogreminotaur,https://opengameart.org/content/trolls-0,https://opengameart.org/content/lpc-folk" 
"head/heads/troll/adult/slash.png","original **Muscleman/Ogre/Minotaur** by Reemax, modified to **Troll** by AntumDeluge, edited to LPC style and converted to modular head by bluecarrot16" ,"bluecarrot16,AntumDeluge,Tuomo Untinen (reemax)" ,"CC-BY 3.0" ,"https://opengameart.org/content/musclemanogreminotaur,https://opengameart.org/content/trolls-0,https://opengameart.org/content/lpc-folk" 
"head/heads/troll/adult/shoot.png","original **Muscleman/Ogre/Minotaur** by Reemax, modified to **Troll** by AntumDeluge, edited to LPC style and converted to modular head by bluecarrot16" ,"bluecarrot16,AntumDeluge,Tuomo Untinen (reemax)" ,"CC-BY 3.0" ,"https://opengameart.org/content/musclemanogreminotaur,https://opengameart.org/content/trolls-0,https://opengameart.org/content/lpc-folk" 
"head/heads/troll/adult/hurt.png","original **Muscleman/Ogre/Minotaur** by Reemax, modified to **Troll** by AntumDeluge, edited to LPC style and converted to modular head by bluecarrot16" ,"bluecarrot16,AntumDeluge,Tuomo Untinen (reemax)" ,"CC-BY 3.0" ,"https://opengameart.org/content/musclemanogreminotaur,https://opengameart.org/content/trolls-0,https://opengameart.org/content/lpc-folk" 
"head/heads/troll/adult/idle.png","original **Muscleman/Ogre/Minotaur** by Reemax, modified to **Troll** by AntumDeluge, edited to LPC style and converted to modular head by bluecarrot16" ,"bluecarrot16,AntumDeluge,Tuomo Untinen (reemax)" ,"CC-BY 3.0" ,"https://opengameart.org/content/musclemanogreminotaur,https://opengameart.org/content/trolls-0,https://opengameart.org/content/lpc-folk" 
"head/heads/minotaur/male/spellcast.png","original cow by daneeklu, combined with horns by Nila122 and adapted to minotaur by Evert" ,"Evert,Nila122,Daniel Eddeland (daneeklu)" ,"CC-BY-SA 3.0,GPL 3.0" ,"https://opengameart.org/content/lpc-style-farm-animals,https://opengameart.org/content/lpc-lizard-headgear,https://opengameart.org/content/lpc-faun-and-minotaur" 
"head/heads/minotaur/male/thrust.png","original cow by daneeklu, combined with horns by Nila122 and adapted to minotaur by Evert" ,"Evert,Nila122,Daniel Eddeland (daneeklu)" ,"CC-BY-SA 3.0,GPL 3.0" ,"https://opengameart.org/content/lpc-style-farm-animals,https://opengameart.org/content/lpc-lizard-headgear,https://opengameart.org/content/lpc-faun-and-minotaur" 
"head/heads/minotaur/male/walk.png","original cow by daneeklu, combined with horns by Nila122 and adapted to minotaur by Evert" ,"Evert,Nila122,Daniel Eddeland (daneeklu)" ,"CC-BY-SA 3.0,GPL 3.0" ,"https://opengameart.org/content/lpc-style-farm-animals,https://opengameart.org/content/lpc-lizard-headgear,https://opengameart.org/content/lpc-faun-and-minotaur" 
"head/heads/minotaur/male/slash.png","original cow by daneeklu, combined with horns by Nila122 and adapted to minotaur by Evert" ,"Evert,Nila122,Daniel Eddeland (daneeklu)" ,"CC-BY-SA 3.0,GPL 3.0" ,"https://opengameart.org/content/lpc-style-farm-animals,https://opengameart.org/content/lpc-lizard-headgear,https://opengameart.org/content/lpc-faun-and-minotaur" 
"head/heads/minotaur/male/shoot.png","original cow by daneeklu, combined with horns by Nila122 and adapted to minotaur by Evert" ,"Evert,Nila122,Daniel Eddeland (daneeklu)" ,"CC-BY-SA 3.0,GPL 3.0" ,"https://opengameart.org/content/lpc-style-farm-animals,https://opengameart.org/content/lpc-lizard-headgear,https://opengameart.org/content/lpc-faun-and-minotaur" 
"head/heads/minotaur/male/hurt.png","original cow by daneeklu, combined with horns by Nila122 and adapted to minotaur by Evert" ,"Evert,Nila122,Daniel Eddeland (daneeklu)" ,"CC-BY-SA 3.0,GPL 3.0" ,"https://opengameart.org/content/lpc-style-farm-animals,https://opengameart.org/content/lpc-lizard-headgear,https://opengameart.org/content/lpc-faun-and-minotaur" 
"head/heads/minotaur/male/idle.png","original cow by daneeklu, combined with horns by Nila122 and adapted to minotaur by Evert" ,"Evert,Nila122,Daniel Eddeland (daneeklu)" ,"CC-BY-SA 3.0,GPL 3.0" ,"https://opengameart.org/content/lpc-style-farm-animals,https://opengameart.org/content/lpc-lizard-headgear,https://opengameart.org/content/lpc-faun-and-minotaur" 
"head/heads/wolf/male/spellcast.png","original wolf animation by Redshrike, commissioned by William.Thompsonj; wolfman sprite by BenCreating, commissioned by castelonia; tweaks and headless version by bluecarrot16" ,"bluecarrot16,Sander Frenken (castelonia),Benjamin K. Smith (BenCreating),William.Thompsonj,Stephen Challener (Redshrike)" ,"CC-BY-SA 3.0,GPL 3.0" ,"https://opengameart.org/content/liberated-pixel-cup-lpc-base-assets-sprites-map-tiles,https://opengameart.org/content/lpc-wolf-animation,https://opengameart.org/content/lpc-wolfman,https://opengameart.org/content/lpc-character-bases" 
"head/heads/wolf/male/thrust.png","original wolf animation by Redshrike, commissioned by William.Thompsonj; wolfman sprite by BenCreating, commissioned by castelonia; tweaks and headless version by bluecarrot16" ,"bluecarrot16,Sander Frenken (castelonia),Benjamin K. Smith (BenCreating),William.Thompsonj,Stephen Challener (Redshrike)" ,"CC-BY-SA 3.0,GPL 3.0" ,"https://opengameart.org/content/liberated-pixel-cup-lpc-base-assets-sprites-map-tiles,https://opengameart.org/content/lpc-wolf-animation,https://opengameart.org/content/lpc-wolfman,https://opengameart.org/content/lpc-character-bases" 
"head/heads/wolf/male/walk.png","original wolf animation by Redshrike, commissioned by William.Thompsonj; wolfman sprite by BenCreating, commissioned by castelonia; tweaks and headless version by bluecarrot16" ,"bluecarrot16,Sander Frenken (castelonia),Benjamin K. Smith (BenCreating),William.Thompsonj,Stephen Challener (Redshrike)" ,"CC-BY-SA 3.0,GPL 3.0" ,"https://opengameart.org/content/liberated-pixel-cup-lpc-base-assets-sprites-map-tiles,https://opengameart.org/content/lpc-wolf-animation,https://opengameart.org/content/lpc-wolfman,https://opengameart.org/content/lpc-character-bases" 
"head/heads/wolf/male/slash.png","original wolf animation by Redshrike, commissioned by William.Thompsonj; wolfman sprite by BenCreating, commissioned by castelonia; tweaks and headless version by bluecarrot16" ,"bluecarrot16,Sander Frenken (castelonia),Benjamin K. Smith (BenCreating),William.Thompsonj,Stephen Challener (Redshrike)" ,"CC-BY-SA 3.0,GPL 3.0" ,"https://opengameart.org/content/liberated-pixel-cup-lpc-base-assets-sprites-map-tiles,https://opengameart.org/content/lpc-wolf-animation,https://opengameart.org/content/lpc-wolfman,https://opengameart.org/content/lpc-character-bases" 
"head/heads/wolf/male/shoot.png","original wolf animation by Redshrike, commissioned by William.Thompsonj; wolfman sprite by BenCreating, commissioned by castelonia; tweaks and headless version by bluecarrot16" ,"bluecarrot16,Sander Frenken (castelonia),Benjamin K. Smith (BenCreating),William.Thompsonj,Stephen Challener (Redshrike)" ,"CC-BY-SA 3.0,GPL 3.0" ,"https://opengameart.org/content/liberated-pixel-cup-lpc-base-assets-sprites-map-tiles,https://opengameart.org/content/lpc-wolf-animation,https://opengameart.org/content/lpc-wolfman,https://opengameart.org/content/lpc-character-bases" 
"head/heads/wolf/male/hurt.png","original wolf animation by Redshrike, commissioned by William.Thompsonj; wolfman sprite by BenCreating, commissioned by castelonia; tweaks and headless version by bluecarrot16" ,"bluecarrot16,Sander Frenken (castelonia),Benjamin K. Smith (BenCreating),William.Thompsonj,Stephen Challener (Redshrike)" ,"CC-BY-SA 3.0,GPL 3.0" ,"https://opengameart.org/content/liberated-pixel-cup-lpc-base-assets-sprites-map-tiles,https://opengameart.org/content/lpc-wolf-animation,https://opengameart.org/content/lpc-wolfman,https://opengameart.org/content/lpc-character-bases" 
"head/heads/wolf/male/idle.png","original wolf animation by Redshrike, commissioned by William.Thompsonj; wolfman sprite by BenCreating, commissioned by castelonia; tweaks and headless version by bluecarrot16" ,"bluecarrot16,Sander Frenken (castelonia),Benjamin K. Smith (BenCreating),William.Thompsonj,Stephen Challener (Redshrike)" ,"CC-BY-SA 3.0,GPL 3.0" ,"https://opengameart.org/content/liberated-pixel-cup-lpc-base-assets-sprites-map-tiles,https://opengameart.org/content/lpc-wolf-animation,https://opengameart.org/content/lpc-wolfman,https://opengameart.org/content/lpc-character-bases" 
"beards/beard/5oclock_shadow/spellcast.png","Original by Pennomi, repositioning by JaidynReiman." ,"JaidynReiman,Thane Brimhall (pennomi),laetissima" ,"CC-BY-SA 3.0,GPL 3.0" ,"https://opengameart.org/content/lpc-base-character-expressions" 
"beards/beard/5oclock_shadow/thrust.png","Original by Pennomi, repositioning by JaidynReiman." ,"JaidynReiman,Thane Brimhall (pennomi),laetissima" ,"CC-BY-SA 3.0,GPL 3.0" ,"https://opengameart.org/content/lpc-base-character-expressions" 
"beards/beard/5oclock_shadow/walk.png","Original by Pennomi, repositioning by JaidynReiman." ,"JaidynReiman,Thane Brimhall (pennomi),laetissima" ,"CC-BY-SA 3.0,GPL 3.0" ,"https://opengameart.org/content/lpc-base-character-expressions" 
"beards/beard/5oclock_shadow/slash.png","Original by Pennomi, repositioning by JaidynReiman." ,"JaidynReiman,Thane Brimhall (pennomi),laetissima" ,"CC-BY-SA 3.0,GPL 3.0" ,"https://opengameart.org/content/lpc-base-character-expressions" 
"beards/beard/5oclock_shadow/shoot.png","Original by Pennomi, repositioning by JaidynReiman." ,"JaidynReiman,Thane Brimhall (pennomi),laetissima" ,"CC-BY-SA 3.0,GPL 3.0" ,"https://opengameart.org/content/lpc-base-character-expressions" 
"beards/beard/5oclock_shadow/hurt.png","Original by Pennomi, repositioning by JaidynReiman." ,"JaidynReiman,Thane Brimhall (pennomi),laetissima" ,"CC-BY-SA 3.0,GPL 3.0" ,"https://opengameart.org/content/lpc-base-character-expressions" 
"beards/beard/5oclock_shadow/idle.png","Original by Pennomi, repositioning by JaidynReiman." ,"JaidynReiman,Thane Brimhall (pennomi),laetissima" ,"CC-BY-SA 3.0,GPL 3.0" ,"https://opengameart.org/content/lpc-base-character-expressions" 
"beards/beard/basic/spellcast.png","Original by Nemisys, repositioning by JaidynReiman." ,"JaidynReiman,Carlo Enrico Victoria (Nemisys)" ,"CC-BY-SA 3.0,GPL 3.0" ,"https://opengameart.org/content/lpc-white-beard" 
"beards/beard/basic/thrust.png","Original by Nemisys, repositioning by JaidynReiman." ,"JaidynReiman,Carlo Enrico Victoria (Nemisys)" ,"CC-BY-SA 3.0,GPL 3.0" ,"https://opengameart.org/content/lpc-white-beard" 
"beards/beard/basic/walk.png","Original by Nemisys, repositioning by JaidynReiman." ,"JaidynReiman,Carlo Enrico Victoria (Nemisys)" ,"CC-BY-SA 3.0,GPL 3.0" ,"https://opengameart.org/content/lpc-white-beard" 
"beards/beard/basic/slash.png","Original by Nemisys, repositioning by JaidynReiman." ,"JaidynReiman,Carlo Enrico Victoria (Nemisys)" ,"CC-BY-SA 3.0,GPL 3.0" ,"https://opengameart.org/content/lpc-white-beard" 
"beards/beard/basic/shoot.png","Original by Nemisys, repositioning by JaidynReiman." ,"JaidynReiman,Carlo Enrico Victoria (Nemisys)" ,"CC-BY-SA 3.0,GPL 3.0" ,"https://opengameart.org/content/lpc-white-beard" 
"beards/beard/basic/hurt.png","Original by Nemisys, repositioning by JaidynReiman." ,"JaidynReiman,Carlo Enrico Victoria (Nemisys)" ,"CC-BY-SA 3.0,GPL 3.0" ,"https://opengameart.org/content/lpc-white-beard" 
"beards/beard/basic/idle.png","Original by Nemisys, repositioning by JaidynReiman." ,"JaidynReiman,Carlo Enrico Victoria (Nemisys)" ,"CC-BY-SA 3.0,GPL 3.0" ,"https://opengameart.org/content/lpc-white-beard" 
"beards/beard/medium/spellcast.png","" ,"ElizaWy" ,"OGA-BY 3.0" ,"https://github.com/ElizaWy/LPC/tree/main/Characters/Hair,https://opengameart.org/content/lpc-expanded-sit-run-jump-more" 
"beards/beard/medium/thrust.png","" ,"ElizaWy" ,"OGA-BY 3.0" ,"https://github.com/ElizaWy/LPC/tree/main/Characters/Hair,https://opengameart.org/content/lpc-expanded-sit-run-jump-more" 
"beards/beard/medium/walk.png","" ,"ElizaWy" ,"OGA-BY 3.0" ,"https://github.com/ElizaWy/LPC/tree/main/Characters/Hair,https://opengameart.org/content/lpc-expanded-sit-run-jump-more" 
"beards/beard/medium/slash.png","" ,"ElizaWy" ,"OGA-BY 3.0" ,"https://github.com/ElizaWy/LPC/tree/main/Characters/Hair,https://opengameart.org/content/lpc-expanded-sit-run-jump-more" 
"beards/beard/medium/shoot.png","" ,"ElizaWy" ,"OGA-BY 3.0" ,"https://github.com/ElizaWy/LPC/tree/main/Characters/Hair,https://opengameart.org/content/lpc-expanded-sit-run-jump-more" 
"beards/beard/medium/hurt.png","" ,"ElizaWy" ,"OGA-BY 3.0" ,"https://github.com/ElizaWy/LPC/tree/main/Characters/Hair,https://opengameart.org/content/lpc-expanded-sit-run-jump-more" 
"beards/beard/medium/idle.png","" ,"ElizaWy" ,"OGA-BY 3.0" ,"https://github.com/ElizaWy/LPC/tree/main/Characters/Hair,https://opengameart.org/content/lpc-expanded-sit-run-jump-more" 
"beards/beard/trimmed/spellcast.png","" ,"ElizaWy" ,"OGA-BY 3.0" ,"https://github.com/ElizaWy/LPC/tree/main/Characters/Hair,https://opengameart.org/content/lpc-expanded-sit-run-jump-more" 
"beards/beard/trimmed/thrust.png","" ,"ElizaWy" ,"OGA-BY 3.0" ,"https://github.com/ElizaWy/LPC/tree/main/Characters/Hair,https://opengameart.org/content/lpc-expanded-sit-run-jump-more" 
"beards/beard/trimmed/walk.png","" ,"ElizaWy" ,"OGA-BY 3.0" ,"https://github.com/ElizaWy/LPC/tree/main/Characters/Hair,https://opengameart.org/content/lpc-expanded-sit-run-jump-more" 
"beards/beard/trimmed/slash.png","" ,"ElizaWy" ,"OGA-BY 3.0" ,"https://github.com/ElizaWy/LPC/tree/main/Characters/Hair,https://opengameart.org/content/lpc-expanded-sit-run-jump-more" 
"beards/beard/trimmed/shoot.png","" ,"ElizaWy" ,"OGA-BY 3.0" ,"https://github.com/ElizaWy/LPC/tree/main/Characters/Hair,https://opengameart.org/content/lpc-expanded-sit-run-jump-more" 
"beards/beard/trimmed/hurt.png","" ,"ElizaWy" ,"OGA-BY 3.0" ,"https://github.com/ElizaWy/LPC/tree/main/Characters/Hair,https://opengameart.org/content/lpc-expanded-sit-run-jump-more" 
"beards/beard/trimmed/idle.png","" ,"ElizaWy" ,"OGA-BY 3.0" ,"https://github.com/ElizaWy/LPC/tree/main/Characters/Hair,https://opengameart.org/content/lpc-expanded-sit-run-jump-more" 
"beards/mustache/basic/spellcast.png","Original by Nemisys, repositioning by JaidynReiman." ,"JaidynReiman,Carlo Enrico Victoria (Nemisys)" ,"CC-BY-SA 3.0,GPL 3.0" ,"https://opengameart.org/content/lpc-brunet-mustache" 
"beards/mustache/basic/thrust.png","Original by Nemisys, repositioning by JaidynReiman." ,"JaidynReiman,Carlo Enrico Victoria (Nemisys)" ,"CC-BY-SA 3.0,GPL 3.0" ,"https://opengameart.org/content/lpc-brunet-mustache" 
"beards/mustache/basic/walk.png","Original by Nemisys, repositioning by JaidynReiman." ,"JaidynReiman,Carlo Enrico Victoria (Nemisys)" ,"CC-BY-SA 3.0,GPL 3.0" ,"https://opengameart.org/content/lpc-brunet-mustache" 
"beards/mustache/basic/slash.png","Original by Nemisys, repositioning by JaidynReiman." ,"JaidynReiman,Carlo Enrico Victoria (Nemisys)" ,"CC-BY-SA 3.0,GPL 3.0" ,"https://opengameart.org/content/lpc-brunet-mustache" 
"beards/mustache/basic/shoot.png","Original by Nemisys, repositioning by JaidynReiman." ,"JaidynReiman,Carlo Enrico Victoria (Nemisys)" ,"CC-BY-SA 3.0,GPL 3.0" ,"https://opengameart.org/content/lpc-brunet-mustache" 
"beards/mustache/basic/hurt.png","Original by Nemisys, repositioning by JaidynReiman." ,"JaidynReiman,Carlo Enrico Victoria (Nemisys)" ,"CC-BY-SA 3.0,GPL 3.0" ,"https://opengameart.org/content/lpc-brunet-mustache" 
"beards/mustache/basic/idle.png","Original by Nemisys, repositioning by JaidynReiman." ,"JaidynReiman,Carlo Enrico Victoria (Nemisys)" ,"CC-BY-SA 3.0,GPL 3.0" ,"https://opengameart.org/content/lpc-brunet-mustache" 
"beards/mustache/walrus/spellcast.png","" ,"ElizaWy" ,"OGA-BY 3.0" ,"https://github.com/ElizaWy/LPC/tree/main/Characters/Hair,https://opengameart.org/content/lpc-expanded-sit-run-jump-more" 
"beards/mustache/walrus/thrust.png","" ,"ElizaWy" ,"OGA-BY 3.0" ,"https://github.com/ElizaWy/LPC/tree/main/Characters/Hair,https://opengameart.org/content/lpc-expanded-sit-run-jump-more" 
"beards/mustache/walrus/walk.png","" ,"ElizaWy" ,"OGA-BY 3.0" ,"https://github.com/ElizaWy/LPC/tree/main/Characters/Hair,https://opengameart.org/content/lpc-expanded-sit-run-jump-more" 
"beards/mustache/walrus/slash.png","" ,"ElizaWy" ,"OGA-BY 3.0" ,"https://github.com/ElizaWy/LPC/tree/main/Characters/Hair,https://opengameart.org/content/lpc-expanded-sit-run-jump-more" 
"beards/mustache/walrus/shoot.png","" ,"ElizaWy" ,"OGA-BY 3.0" ,"https://github.com/ElizaWy/LPC/tree/main/Characters/Hair,https://opengameart.org/content/lpc-expanded-sit-run-jump-more" 
"beards/mustache/walrus/hurt.png","" ,"ElizaWy" ,"OGA-BY 3.0" ,"https://github.com/ElizaWy/LPC/tree/main/Characters/Hair,https://opengameart.org/content/lpc-expanded-sit-run-jump-more" 
"beards/mustache/walrus/idle.png","" ,"ElizaWy" ,"OGA-BY 3.0" ,"https://github.com/ElizaWy/LPC/tree/main/Characters/Hair,https://opengameart.org/content/lpc-expanded-sit-run-jump-more" 
"hair/extensions/ponytails/topknot_short/adult/spellcast.png","" ,"JaidynReiman" ,"OGA-BY 3.0+,CC-BY 3.0+,CC-BY-SA 3.0,GPL 3.0" ,"https://opengameart.org/content/lpc-1-hairstyle-2-hair-extensions-3-previously-unofficially-released-hairstyles" 
"hair/extensions/ponytails/topknot_short/adult/thrust.png","" ,"JaidynReiman" ,"OGA-BY 3.0+,CC-BY 3.0+,CC-BY-SA 3.0,GPL 3.0" ,"https://opengameart.org/content/lpc-1-hairstyle-2-hair-extensions-3-previously-unofficially-released-hairstyles" 
"hair/extensions/ponytails/topknot_short/adult/walk.png","" ,"JaidynReiman" ,"OGA-BY 3.0+,CC-BY 3.0+,CC-BY-SA 3.0,GPL 3.0" ,"https://opengameart.org/content/lpc-1-hairstyle-2-hair-extensions-3-previously-unofficially-released-hairstyles" 
"hair/extensions/ponytails/topknot_short/adult/slash.png","" ,"JaidynReiman" ,"OGA-BY 3.0+,CC-BY 3.0+,CC-BY-SA 3.0,GPL 3.0" ,"https://opengameart.org/content/lpc-1-hairstyle-2-hair-extensions-3-previously-unofficially-released-hairstyles" 
"hair/extensions/ponytails/topknot_short/adult/shoot.png","" ,"JaidynReiman" ,"OGA-BY 3.0+,CC-BY 3.0+,CC-BY-SA 3.0,GPL 3.0" ,"https://opengameart.org/content/lpc-1-hairstyle-2-hair-extensions-3-previously-unofficially-released-hairstyles" 
"hair/extensions/ponytails/topknot_short/adult/hurt.png","" ,"JaidynReiman" ,"OGA-BY 3.0+,CC-BY 3.0+,CC-BY-SA 3.0,GPL 3.0" ,"https://opengameart.org/content/lpc-1-hairstyle-2-hair-extensions-3-previously-unofficially-released-hairstyles" 
"hair/extensions/ponytails/topknot_short/adult/idle.png","" ,"JaidynReiman" ,"OGA-BY 3.0+,CC-BY 3.0+,CC-BY-SA 3.0,GPL 3.0" ,"https://opengameart.org/content/lpc-1-hairstyle-2-hair-extensions-3-previously-unofficially-released-hairstyles" 
"hair/afro/adult/spellcast.png","" ,"bluecarrot16" ,"CC0" ,"https://opengameart.org/content/lpc-hair" 
"hair/afro/adult/thrust.png","" ,"bluecarrot16" ,"CC0" ,"https://opengameart.org/content/lpc-hair" 
"hair/afro/adult/walk.png","" ,"bluecarrot16" ,"CC0" ,"https://opengameart.org/content/lpc-hair" 
"hair/afro/adult/slash.png","" ,"bluecarrot16" ,"CC0" ,"https://opengameart.org/content/lpc-hair" 
"hair/afro/adult/shoot.png","" ,"bluecarrot16" ,"CC0" ,"https://opengameart.org/content/lpc-hair" 
"hair/afro/adult/hurt.png","" ,"bluecarrot16" ,"CC0" ,"https://opengameart.org/content/lpc-hair" 
"hair/afro/adult/idle.png","" ,"bluecarrot16" ,"CC0" ,"https://opengameart.org/content/lpc-hair" 
"hair/dreadlocks_long/adult/spellcast.png","" ,"bluecarrot16" ,"CC0" ,"https://opengameart.org/content/lpc-hair" 
"hair/dreadlocks_long/adult/thrust.png","" ,"bluecarrot16" ,"CC0" ,"https://opengameart.org/content/lpc-hair" 
"hair/dreadlocks_long/adult/walk.png","" ,"bluecarrot16" ,"CC0" ,"https://opengameart.org/content/lpc-hair" 
"hair/dreadlocks_long/adult/slash.png","" ,"bluecarrot16" ,"CC0" ,"https://opengameart.org/content/lpc-hair" 
"hair/dreadlocks_long/adult/shoot.png","" ,"bluecarrot16" ,"CC0" ,"https://opengameart.org/content/lpc-hair" 
"hair/dreadlocks_long/adult/hurt.png","" ,"bluecarrot16" ,"CC0" ,"https://opengameart.org/content/lpc-hair" 
"hair/dreadlocks_long/adult/idle.png","" ,"bluecarrot16" ,"CC0" ,"https://opengameart.org/content/lpc-hair" 
"hair/curly_long/adult/spellcast.png","" ,"ElizaWy" ,"OGA-BY 3.0" ,"https://opengameart.org/content/lpc-hair" 
"hair/curly_long/adult/thrust.png","" ,"ElizaWy" ,"OGA-BY 3.0" ,"https://opengameart.org/content/lpc-hair" 
"hair/curly_long/adult/walk.png","" ,"ElizaWy" ,"OGA-BY 3.0" ,"https://opengameart.org/content/lpc-hair" 
"hair/curly_long/adult/slash.png","" ,"ElizaWy" ,"OGA-BY 3.0" ,"https://opengameart.org/content/lpc-hair" 
"hair/curly_long/adult/shoot.png","" ,"ElizaWy" ,"OGA-BY 3.0" ,"https://opengameart.org/content/lpc-hair" 
"hair/curly_long/adult/hurt.png","" ,"ElizaWy" ,"OGA-BY 3.0" ,"https://opengameart.org/content/lpc-hair" 
"hair/curly_long/adult/idle.png","" ,"ElizaWy" ,"OGA-BY 3.0" ,"https://opengameart.org/content/lpc-hair" 
"hair/curly_short/adult/spellcast.png","" ,"ElizaWy" ,"OGA-BY 3.0" ,"https://opengameart.org/content/lpc-hair,https://opengameart.org/content/lpc-expanded-sit-run-jump-more" 
"hair/curly_short/adult/thrust.png","" ,"ElizaWy" ,"OGA-BY 3.0" ,"https://opengameart.org/content/lpc-hair,https://opengameart.org/content/lpc-expanded-sit-run-jump-more" 
"hair/curly_short/adult/walk.png","" ,"ElizaWy" ,"OGA-BY 3.0" ,"https://opengameart.org/content/lpc-hair,https://opengameart.org/content/lpc-expanded-sit-run-jump-more" 
"hair/curly_short/adult/slash.png","" ,"ElizaWy" ,"OGA-BY 3.0" ,"https://opengameart.org/content/lpc-hair,https://opengameart.org/content/lpc-expanded-sit-run-jump-more" 
"hair/curly_short/adult/shoot.png","" ,"ElizaWy" ,"OGA-BY 3.0" ,"https://opengameart.org/content/lpc-hair,https://opengameart.org/content/lpc-expanded-sit-run-jump-more" 
"hair/curly_short/adult/hurt.png","" ,"ElizaWy" ,"OGA-BY 3.0" ,"https://opengameart.org/content/lpc-hair,https://opengameart.org/content/lpc-expanded-sit-run-jump-more" 
"hair/curly_short/adult/idle.png","" ,"ElizaWy" ,"OGA-BY 3.0" ,"https://opengameart.org/content/lpc-hair,https://opengameart.org/content/lpc-expanded-sit-run-jump-more" 
"hair/balding/adult/spellcast.png","" ,"ElizaWy" ,"OGA-BY 3.0" ,"https://opengameart.org/content/lpc-hair" 
"hair/balding/adult/thrust.png","" ,"ElizaWy" ,"OGA-BY 3.0" ,"https://opengameart.org/content/lpc-hair" 
"hair/balding/adult/walk.png","" ,"ElizaWy" ,"OGA-BY 3.0" ,"https://opengameart.org/content/lpc-hair" 
"hair/balding/adult/slash.png","" ,"ElizaWy" ,"OGA-BY 3.0" ,"https://opengameart.org/content/lpc-hair" 
"hair/balding/adult/shoot.png","" ,"ElizaWy" ,"OGA-BY 3.0" ,"https://opengameart.org/content/lpc-hair" 
"hair/balding/adult/hurt.png","" ,"ElizaWy" ,"OGA-BY 3.0" ,"https://opengameart.org/content/lpc-hair" 
"hair/balding/adult/idle.png","" ,"ElizaWy" ,"OGA-BY 3.0" ,"https://opengameart.org/content/lpc-hair" 
"hair/buzzcut/adult/spellcast.png","" ,"ElizaWy" ,"OGA-BY 3.0" ,"https://opengameart.org/content/lpc-hair" 
"hair/buzzcut/adult/thrust.png","" ,"ElizaWy" ,"OGA-BY 3.0" ,"https://opengameart.org/content/lpc-hair" 
"hair/buzzcut/adult/walk.png","" ,"ElizaWy" ,"OGA-BY 3.0" ,"https://opengameart.org/content/lpc-hair" 
"hair/buzzcut/adult/slash.png","" ,"ElizaWy" ,"OGA-BY 3.0" ,"https://opengameart.org/content/lpc-hair" 
"hair/buzzcut/adult/shoot.png","" ,"ElizaWy" ,"OGA-BY 3.0" ,"https://opengameart.org/content/lpc-hair" 
"hair/buzzcut/adult/hurt.png","" ,"ElizaWy" ,"OGA-BY 3.0" ,"https://opengameart.org/content/lpc-hair" 
"hair/buzzcut/adult/idle.png","" ,"ElizaWy" ,"OGA-BY 3.0" ,"https://opengameart.org/content/lpc-hair" 
"hair/longhawk/adult/spellcast.png","" ,"JaidynReiman,Manuel Riecke (MrBeast)" ,"CC-BY-SA 3.0,GPL 3.0" ,"https://opengameart.org/content/liberated-pixel-cup-lpc-base-assets-sprites-map-tiles,https://opengameart.org/content/lpc-expanded-hair" 
"hair/longhawk/adult/thrust.png","" ,"JaidynReiman,Manuel Riecke (MrBeast)" ,"CC-BY-SA 3.0,GPL 3.0" ,"https://opengameart.org/content/liberated-pixel-cup-lpc-base-assets-sprites-map-tiles,https://opengameart.org/content/lpc-expanded-hair" 
"hair/longhawk/adult/walk.png","" ,"JaidynReiman,Manuel Riecke (MrBeast)" ,"CC-BY-SA 3.0,GPL 3.0" ,"https://opengameart.org/content/liberated-pixel-cup-lpc-base-assets-sprites-map-tiles,https://opengameart.org/content/lpc-expanded-hair" 
"hair/longhawk/adult/slash.png","" ,"JaidynReiman,Manuel Riecke (MrBeast)" ,"CC-BY-SA 3.0,GPL 3.0" ,"https://opengameart.org/content/liberated-pixel-cup-lpc-base-assets-sprites-map-tiles,https://opengameart.org/content/lpc-expanded-hair" 
"hair/longhawk/adult/shoot.png","" ,"JaidynReiman,Manuel Riecke (MrBeast)" ,"CC-BY-SA 3.0,GPL 3.0" ,"https://opengameart.org/content/liberated-pixel-cup-lpc-base-assets-sprites-map-tiles,https://opengameart.org/content/lpc-expanded-hair" 
"hair/longhawk/adult/hurt.png","" ,"JaidynReiman,Manuel Riecke (MrBeast)" ,"CC-BY-SA 3.0,GPL 3.0" ,"https://opengameart.org/content/liberated-pixel-cup-lpc-base-assets-sprites-map-tiles,https://opengameart.org/content/lpc-expanded-hair" 
"hair/longhawk/adult/idle.png","" ,"JaidynReiman,Manuel Riecke (MrBeast)" ,"CC-BY-SA 3.0,GPL 3.0" ,"https://opengameart.org/content/liberated-pixel-cup-lpc-base-assets-sprites-map-tiles,https://opengameart.org/content/lpc-expanded-hair" 
"hair/bangs/adult/spellcast.png","" ,"JaidynReiman,Manuel Riecke (MrBeast)" ,"CC-BY-SA 3.0,GPL 3.0" ,"https://opengameart.org/content/liberated-pixel-cup-lpc-base-assets-sprites-map-tiles,https://opengameart.org/content/lpc-expanded-hair" 
"hair/bangs/adult/thrust.png","" ,"JaidynReiman,Manuel Riecke (MrBeast)" ,"CC-BY-SA 3.0,GPL 3.0" ,"https://opengameart.org/content/liberated-pixel-cup-lpc-base-assets-sprites-map-tiles,https://opengameart.org/content/lpc-expanded-hair" 
"hair/bangs/adult/walk.png","" ,"JaidynReiman,Manuel Riecke (MrBeast)" ,"CC-BY-SA 3.0,GPL 3.0" ,"https://opengameart.org/content/liberated-pixel-cup-lpc-base-assets-sprites-map-tiles,https://opengameart.org/content/lpc-expanded-hair" 
"hair/bangs/adult/slash.png","" ,"JaidynReiman,Manuel Riecke (MrBeast)" ,"CC-BY-SA 3.0,GPL 3.0" ,"https://opengameart.org/content/liberated-pixel-cup-lpc-base-assets-sprites-map-tiles,https://opengameart.org/content/lpc-expanded-hair" 
"hair/bangs/adult/shoot.png","" ,"JaidynReiman,Manuel Riecke (MrBeast)" ,"CC-BY-SA 3.0,GPL 3.0" ,"https://opengameart.org/content/liberated-pixel-cup-lpc-base-assets-sprites-map-tiles,https://opengameart.org/content/lpc-expanded-hair" 
"hair/bangs/adult/hurt.png","" ,"JaidynReiman,Manuel Riecke (MrBeast)" ,"CC-BY-SA 3.0,GPL 3.0" ,"https://opengameart.org/content/liberated-pixel-cup-lpc-base-assets-sprites-map-tiles,https://opengameart.org/content/lpc-expanded-hair" 
"hair/bangs/adult/idle.png","" ,"JaidynReiman,Manuel Riecke (MrBeast)" ,"CC-BY-SA 3.0,GPL 3.0" ,"https://opengameart.org/content/liberated-pixel-cup-lpc-base-assets-sprites-map-tiles,https://opengameart.org/content/lpc-expanded-hair" 
"hair/messy1/adult/spellcast.png","" ,"JaidynReiman,Manuel Riecke (MrBeast)" ,"CC-BY-SA 3.0,GPL 3.0" ,"https://opengameart.org/content/liberated-pixel-cup-lpc-base-assets-sprites-map-tiles,https://opengameart.org/content/lpc-expanded-hair" 
"hair/messy1/adult/thrust.png","" ,"JaidynReiman,Manuel Riecke (MrBeast)" ,"CC-BY-SA 3.0,GPL 3.0" ,"https://opengameart.org/content/liberated-pixel-cup-lpc-base-assets-sprites-map-tiles,https://opengameart.org/content/lpc-expanded-hair" 
"hair/messy1/adult/walk.png","" ,"JaidynReiman,Manuel Riecke (MrBeast)" ,"CC-BY-SA 3.0,GPL 3.0" ,"https://opengameart.org/content/liberated-pixel-cup-lpc-base-assets-sprites-map-tiles,https://opengameart.org/content/lpc-expanded-hair" 
"hair/messy1/adult/slash.png","" ,"JaidynReiman,Manuel Riecke (MrBeast)" ,"CC-BY-SA 3.0,GPL 3.0" ,"https://opengameart.org/content/liberated-pixel-cup-lpc-base-assets-sprites-map-tiles,https://opengameart.org/content/lpc-expanded-hair" 
"hair/messy1/adult/shoot.png","" ,"JaidynReiman,Manuel Riecke (MrBeast)" ,"CC-BY-SA 3.0,GPL 3.0" ,"https://opengameart.org/content/liberated-pixel-cup-lpc-base-assets-sprites-map-tiles,https://opengameart.org/content/lpc-expanded-hair" 
"hair/messy1/adult/hurt.png","" ,"JaidynReiman,Manuel Riecke (MrBeast)" ,"CC-BY-SA 3.0,GPL 3.0" ,"https://opengameart.org/content/liberated-pixel-cup-lpc-base-assets-sprites-map-tiles,https://opengameart.org/content/lpc-expanded-hair" 
"hair/messy1/adult/idle.png","" ,"JaidynReiman,Manuel Riecke (MrBeast)" ,"CC-BY-SA 3.0,GPL 3.0" ,"https://opengameart.org/content/liberated-pixel-cup-lpc-base-assets-sprites-map-tiles,https://opengameart.org/content/lpc-expanded-hair" 
"hair/parted_side_bangs/adult/spellcast.png","" ,"JaidynReiman" ,"OGA-BY 3.0+,CC-BY 3.0+,CC-BY-SA 3.0,GPL 3.0" ,"https://opengameart.org/content/lpc-1-hairstyle-2-hair-extensions-3-previously-unofficially-released-hairstyles,https://github.com/jrconway3/Universal-LPC-spritesheet/commit/46ddcf05a0e43e7aa6ffd47d350eef0eb529ac24" 
"hair/parted_side_bangs/adult/thrust.png","" ,"JaidynReiman" ,"OGA-BY 3.0+,CC-BY 3.0+,CC-BY-SA 3.0,GPL 3.0" ,"https://opengameart.org/content/lpc-1-hairstyle-2-hair-extensions-3-previously-unofficially-released-hairstyles,https://github.com/jrconway3/Universal-LPC-spritesheet/commit/46ddcf05a0e43e7aa6ffd47d350eef0eb529ac24" 
"hair/parted_side_bangs/adult/walk.png","" ,"JaidynReiman" ,"OGA-BY 3.0+,CC-BY 3.0+,CC-BY-SA 3.0,GPL 3.0" ,"https://opengameart.org/content/lpc-1-hairstyle-2-hair-extensions-3-previously-unofficially-released-hairstyles,https://github.com/jrconway3/Universal-LPC-spritesheet/commit/46ddcf05a0e43e7aa6ffd47d350eef0eb529ac24" 
"hair/parted_side_bangs/adult/slash.png","" ,"JaidynReiman" ,"OGA-BY 3.0+,CC-BY 3.0+,CC-BY-SA 3.0,GPL 3.0" ,"https://opengameart.org/content/lpc-1-hairstyle-2-hair-extensions-3-previously-unofficially-released-hairstyles,https://github.com/jrconway3/Universal-LPC-spritesheet/commit/46ddcf05a0e43e7aa6ffd47d350eef0eb529ac24" 
"hair/parted_side_bangs/adult/shoot.png","" ,"JaidynReiman" ,"OGA-BY 3.0+,CC-BY 3.0+,CC-BY-SA 3.0,GPL 3.0" ,"https://opengameart.org/content/lpc-1-hairstyle-2-hair-extensions-3-previously-unofficially-released-hairstyles,https://github.com/jrconway3/Universal-LPC-spritesheet/commit/46ddcf05a0e43e7aa6ffd47d350eef0eb529ac24" 
"hair/parted_side_bangs/adult/hurt.png","" ,"JaidynReiman" ,"OGA-BY 3.0+,CC-BY 3.0+,CC-BY-SA 3.0,GPL 3.0" ,"https://opengameart.org/content/lpc-1-hairstyle-2-hair-extensions-3-previously-unofficially-released-hairstyles,https://github.com/jrconway3/Universal-LPC-spritesheet/commit/46ddcf05a0e43e7aa6ffd47d350eef0eb529ac24" 
"hair/parted_side_bangs/adult/idle.png","" ,"JaidynReiman" ,"OGA-BY 3.0+,CC-BY 3.0+,CC-BY-SA 3.0,GPL 3.0" ,"https://opengameart.org/content/lpc-1-hairstyle-2-hair-extensions-3-previously-unofficially-released-hairstyles,https://github.com/jrconway3/Universal-LPC-spritesheet/commit/46ddcf05a0e43e7aa6ffd47d350eef0eb529ac24" 
"hair/parted/adult/spellcast.png","down 4 and 5 added by JaidynReiman; recolors by Joe White; original by Manuel Riecke (MrBeast)" ,"JaidynReiman,Joe White,Manuel Riecke (MrBeast)" ,"CC-BY-SA 3.0,GPL 3.0" ,"https://opengameart.org/content/liberated-pixel-cup-lpc-base-assets-sprites-map-tiles,https://github.com/jrconway3/Universal-LPC-spritesheet/commit/46ddcf05a0e43e7aa6ffd47d350eef0eb529ac24,https://opengameart.org/content/lpc-expanded-hair" 
"hair/parted/adult/thrust.png","down 4 and 5 added by JaidynReiman; recolors by Joe White; original by Manuel Riecke (MrBeast)" ,"JaidynReiman,Joe White,Manuel Riecke (MrBeast)" ,"CC-BY-SA 3.0,GPL 3.0" ,"https://opengameart.org/content/liberated-pixel-cup-lpc-base-assets-sprites-map-tiles,https://github.com/jrconway3/Universal-LPC-spritesheet/commit/46ddcf05a0e43e7aa6ffd47d350eef0eb529ac24,https://opengameart.org/content/lpc-expanded-hair" 
"hair/parted/adult/walk.png","down 4 and 5 added by JaidynReiman; recolors by Joe White; original by Manuel Riecke (MrBeast)" ,"JaidynReiman,Joe White,Manuel Riecke (MrBeast)" ,"CC-BY-SA 3.0,GPL 3.0" ,"https://opengameart.org/content/liberated-pixel-cup-lpc-base-assets-sprites-map-tiles,https://github.com/jrconway3/Universal-LPC-spritesheet/commit/46ddcf05a0e43e7aa6ffd47d350eef0eb529ac24,https://opengameart.org/content/lpc-expanded-hair" 
"hair/parted/adult/slash.png","down 4 and 5 added by JaidynReiman; recolors by Joe White; original by Manuel Riecke (MrBeast)" ,"JaidynReiman,Joe White,Manuel Riecke (MrBeast)" ,"CC-BY-SA 3.0,GPL 3.0" ,"https://opengameart.org/content/liberated-pixel-cup-lpc-base-assets-sprites-map-tiles,https://github.com/jrconway3/Universal-LPC-spritesheet/commit/46ddcf05a0e43e7aa6ffd47d350eef0eb529ac24,https://opengameart.org/content/lpc-expanded-hair" 
"hair/parted/adult/shoot.png","down 4 and 5 added by JaidynReiman; recolors by Joe White; original by Manuel Riecke (MrBeast)" ,"JaidynReiman,Joe White,Manuel Riecke (MrBeast)" ,"CC-BY-SA 3.0,GPL 3.0" ,"https://opengameart.org/content/liberated-pixel-cup-lpc-base-assets-sprites-map-tiles,https://github.com/jrconway3/Universal-LPC-spritesheet/commit/46ddcf05a0e43e7aa6ffd47d350eef0eb529ac24,https://opengameart.org/content/lpc-expanded-hair" 
"hair/parted/adult/hurt.png","down 4 and 5 added by JaidynReiman; recolors by Joe White; original by Manuel Riecke (MrBeast)" ,"JaidynReiman,Joe White,Manuel Riecke (MrBeast)" ,"CC-BY-SA 3.0,GPL 3.0" ,"https://opengameart.org/content/liberated-pixel-cup-lpc-base-assets-sprites-map-tiles,https://github.com/jrconway3/Universal-LPC-spritesheet/commit/46ddcf05a0e43e7aa6ffd47d350eef0eb529ac24,https://opengameart.org/content/lpc-expanded-hair" 
"hair/parted/adult/idle.png","down 4 and 5 added by JaidynReiman; recolors by Joe White; original by Manuel Riecke (MrBeast)" ,"JaidynReiman,Joe White,Manuel Riecke (MrBeast)" ,"CC-BY-SA 3.0,GPL 3.0" ,"https://opengameart.org/content/liberated-pixel-cup-lpc-base-assets-sprites-map-tiles,https://github.com/jrconway3/Universal-LPC-spritesheet/commit/46ddcf05a0e43e7aa6ffd47d350eef0eb529ac24,https://opengameart.org/content/lpc-expanded-hair" 
"hair/pixie/adult/spellcast.png","" ,"JaidynReiman,Manuel Riecke (MrBeast)" ,"CC-BY-SA 3.0,GPL 3.0" ,"https://opengameart.org/content/liberated-pixel-cup-lpc-base-assets-sprites-map-tiles,https://opengameart.org/content/lpc-expanded-hair" 
"hair/pixie/adult/thrust.png","" ,"JaidynReiman,Manuel Riecke (MrBeast)" ,"CC-BY-SA 3.0,GPL 3.0" ,"https://opengameart.org/content/liberated-pixel-cup-lpc-base-assets-sprites-map-tiles,https://opengameart.org/content/lpc-expanded-hair" 
"hair/pixie/adult/walk.png","" ,"JaidynReiman,Manuel Riecke (MrBeast)" ,"CC-BY-SA 3.0,GPL 3.0" ,"https://opengameart.org/content/liberated-pixel-cup-lpc-base-assets-sprites-map-tiles,https://opengameart.org/content/lpc-expanded-hair" 
"hair/pixie/adult/slash.png","" ,"JaidynReiman,Manuel Riecke (MrBeast)" ,"CC-BY-SA 3.0,GPL 3.0" ,"https://opengameart.org/content/liberated-pixel-cup-lpc-base-assets-sprites-map-tiles,https://opengameart.org/content/lpc-expanded-hair" 
"hair/pixie/adult/shoot.png","" ,"JaidynReiman,Manuel Riecke (MrBeast)" ,"CC-BY-SA 3.0,GPL 3.0" ,"https://opengameart.org/content/liberated-pixel-cup-lpc-base-assets-sprites-map-tiles,https://opengameart.org/content/lpc-expanded-hair" 
"hair/pixie/adult/hurt.png","" ,"JaidynReiman,Manuel Riecke (MrBeast)" ,"CC-BY-SA 3.0,GPL 3.0" ,"https://opengameart.org/content/liberated-pixel-cup-lpc-base-assets-sprites-map-tiles,https://opengameart.org/content/lpc-expanded-hair" 
"hair/pixie/adult/idle.png","" ,"JaidynReiman,Manuel Riecke (MrBeast)" ,"CC-BY-SA 3.0,GPL 3.0" ,"https://opengameart.org/content/liberated-pixel-cup-lpc-base-assets-sprites-map-tiles,https://opengameart.org/content/lpc-expanded-hair" 
"hair/plain/adult/spellcast.png","" ,"JaidynReiman,Manuel Riecke (MrBeast),Joe White" ,"OGA-BY 3.0,CC-BY-SA 3.0,GPL 3.0" ,"https://opengameart.org/content/liberated-pixel-cup-lpc-base-assets-sprites-map-tiles,https://opengameart.org/content/ponytail-and-plain-hairstyles,https://opengameart.org/content/lpc-expanded-hair" 
"hair/plain/adult/thrust.png","" ,"JaidynReiman,Manuel Riecke (MrBeast),Joe White" ,"OGA-BY 3.0,CC-BY-SA 3.0,GPL 3.0" ,"https://opengameart.org/content/liberated-pixel-cup-lpc-base-assets-sprites-map-tiles,https://opengameart.org/content/ponytail-and-plain-hairstyles,https://opengameart.org/content/lpc-expanded-hair" 
"hair/plain/adult/walk.png","" ,"JaidynReiman,Manuel Riecke (MrBeast),Joe White" ,"OGA-BY 3.0,CC-BY-SA 3.0,GPL 3.0" ,"https://opengameart.org/content/liberated-pixel-cup-lpc-base-assets-sprites-map-tiles,https://opengameart.org/content/ponytail-and-plain-hairstyles,https://opengameart.org/content/lpc-expanded-hair" 
"hair/plain/adult/slash.png","" ,"JaidynReiman,Manuel Riecke (MrBeast),Joe White" ,"OGA-BY 3.0,CC-BY-SA 3.0,GPL 3.0" ,"https://opengameart.org/content/liberated-pixel-cup-lpc-base-assets-sprites-map-tiles,https://opengameart.org/content/ponytail-and-plain-hairstyles,https://opengameart.org/content/lpc-expanded-hair" 
"hair/plain/adult/shoot.png","" ,"JaidynReiman,Manuel Riecke (MrBeast),Joe White" ,"OGA-BY 3.0,CC-BY-SA 3.0,GPL 3.0" ,"https://opengameart.org/content/liberated-pixel-cup-lpc-base-assets-sprites-map-tiles,https://opengameart.org/content/ponytail-and-plain-hairstyles,https://opengameart.org/content/lpc-expanded-hair" 
"hair/plain/adult/hurt.png","" ,"JaidynReiman,Manuel Riecke (MrBeast),Joe White" ,"OGA-BY 3.0,CC-BY-SA 3.0,GPL 3.0" ,"https://opengameart.org/content/liberated-pixel-cup-lpc-base-assets-sprites-map-tiles,https://opengameart.org/content/ponytail-and-plain-hairstyles,https://opengameart.org/content/lpc-expanded-hair" 
"hair/plain/adult/idle.png","" ,"JaidynReiman,Manuel Riecke (MrBeast),Joe White" ,"OGA-BY 3.0,CC-BY-SA 3.0,GPL 3.0" ,"https://opengameart.org/content/liberated-pixel-cup-lpc-base-assets-sprites-map-tiles,https://opengameart.org/content/ponytail-and-plain-hairstyles,https://opengameart.org/content/lpc-expanded-hair" 
"hair/spiked/adult/spellcast.png","" ,"kcilds/Rocetti/Eredah" ,"CC-BY 4.0" ,"https://opengameart.org/content/eredah-rpg-character-base-48x64-ongoing,https://opengameart.org/content/lpc-hair" 
"hair/spiked/adult/thrust.png","" ,"kcilds/Rocetti/Eredah" ,"CC-BY 4.0" ,"https://opengameart.org/content/eredah-rpg-character-base-48x64-ongoing,https://opengameart.org/content/lpc-hair" 
"hair/spiked/adult/walk.png","" ,"kcilds/Rocetti/Eredah" ,"CC-BY 4.0" ,"https://opengameart.org/content/eredah-rpg-character-base-48x64-ongoing,https://opengameart.org/content/lpc-hair" 
"hair/spiked/adult/slash.png","" ,"kcilds/Rocetti/Eredah" ,"CC-BY 4.0" ,"https://opengameart.org/content/eredah-rpg-character-base-48x64-ongoing,https://opengameart.org/content/lpc-hair" 
"hair/spiked/adult/shoot.png","" ,"kcilds/Rocetti/Eredah" ,"CC-BY 4.0" ,"https://opengameart.org/content/eredah-rpg-character-base-48x64-ongoing,https://opengameart.org/content/lpc-hair" 
"hair/spiked/adult/hurt.png","" ,"kcilds/Rocetti/Eredah" ,"CC-BY 4.0" ,"https://opengameart.org/content/eredah-rpg-character-base-48x64-ongoing,https://opengameart.org/content/lpc-hair" 
"hair/spiked/adult/idle.png","" ,"kcilds/Rocetti/Eredah" ,"CC-BY 4.0" ,"https://opengameart.org/content/eredah-rpg-character-base-48x64-ongoing,https://opengameart.org/content/lpc-hair" 
"hair/bob/adult/spellcast.png","Original by bluecarrot16. Edited and animated by ElizaWy." ,"ElizaWy,bluecarrot16" ,"CC0" ,"https://opengameart.org/content/lpc-hair,https://github.com/ElizaWy/LPC/blob/main/Characters/Hair,https://opengameart.org/content/lpc-expanded-sit-run-jump-more" 
"hair/bob/adult/thrust.png","Original by bluecarrot16. Edited and animated by ElizaWy." ,"ElizaWy,bluecarrot16" ,"CC0" ,"https://opengameart.org/content/lpc-hair,https://github.com/ElizaWy/LPC/blob/main/Characters/Hair,https://opengameart.org/content/lpc-expanded-sit-run-jump-more" 
"hair/bob/adult/walk.png","Original by bluecarrot16. Edited and animated by ElizaWy." ,"ElizaWy,bluecarrot16" ,"CC0" ,"https://opengameart.org/content/lpc-hair,https://github.com/ElizaWy/LPC/blob/main/Characters/Hair,https://opengameart.org/content/lpc-expanded-sit-run-jump-more" 
"hair/bob/adult/slash.png","Original by bluecarrot16. Edited and animated by ElizaWy." ,"ElizaWy,bluecarrot16" ,"CC0" ,"https://opengameart.org/content/lpc-hair,https://github.com/ElizaWy/LPC/blob/main/Characters/Hair,https://opengameart.org/content/lpc-expanded-sit-run-jump-more" 
"hair/bob/adult/shoot.png","Original by bluecarrot16. Edited and animated by ElizaWy." ,"ElizaWy,bluecarrot16" ,"CC0" ,"https://opengameart.org/content/lpc-hair,https://github.com/ElizaWy/LPC/blob/main/Characters/Hair,https://opengameart.org/content/lpc-expanded-sit-run-jump-more" 
"hair/bob/adult/hurt.png","Original by bluecarrot16. Edited and animated by ElizaWy." ,"ElizaWy,bluecarrot16" ,"CC0" ,"https://opengameart.org/content/lpc-hair,https://github.com/ElizaWy/LPC/blob/main/Characters/Hair,https://opengameart.org/content/lpc-expanded-sit-run-jump-more" 
"hair/bob/adult/idle.png","Original by bluecarrot16. Edited and animated by ElizaWy." ,"ElizaWy,bluecarrot16" ,"CC0" ,"https://opengameart.org/content/lpc-hair,https://github.com/ElizaWy/LPC/blob/main/Characters/Hair,https://opengameart.org/content/lpc-expanded-sit-run-jump-more" 
"hair/braid/adult/fg/spellcast.png","" ,"Nila122,ElizaWy" ,"OGA-BY 3.0,CC-BY-SA 3.0,GPL 3.0,GPL 2.0" ,"https://opengameart.org/content/3-hairs-for-lpc,https://opengameart.org/content/lpc-hair" 
"hair/braid/adult/bg/spellcast.png","" ,"Nila122,ElizaWy" ,"OGA-BY 3.0,CC-BY-SA 3.0,GPL 3.0,GPL 2.0" ,"https://opengameart.org/content/3-hairs-for-lpc,https://opengameart.org/content/lpc-hair" 
"hair/braid/adult/fg/thrust.png","" ,"Nila122,ElizaWy" ,"OGA-BY 3.0,CC-BY-SA 3.0,GPL 3.0,GPL 2.0" ,"https://opengameart.org/content/3-hairs-for-lpc,https://opengameart.org/content/lpc-hair" 
"hair/braid/adult/bg/thrust.png","" ,"Nila122,ElizaWy" ,"OGA-BY 3.0,CC-BY-SA 3.0,GPL 3.0,GPL 2.0" ,"https://opengameart.org/content/3-hairs-for-lpc,https://opengameart.org/content/lpc-hair" 
"hair/braid/adult/fg/walk.png","" ,"Nila122,ElizaWy" ,"OGA-BY 3.0,CC-BY-SA 3.0,GPL 3.0,GPL 2.0" ,"https://opengameart.org/content/3-hairs-for-lpc,https://opengameart.org/content/lpc-hair" 
"hair/braid/adult/bg/walk.png","" ,"Nila122,ElizaWy" ,"OGA-BY 3.0,CC-BY-SA 3.0,GPL 3.0,GPL 2.0" ,"https://opengameart.org/content/3-hairs-for-lpc,https://opengameart.org/content/lpc-hair" 
"hair/braid/adult/fg/slash.png","" ,"Nila122,ElizaWy" ,"OGA-BY 3.0,CC-BY-SA 3.0,GPL 3.0,GPL 2.0" ,"https://opengameart.org/content/3-hairs-for-lpc,https://opengameart.org/content/lpc-hair" 
"hair/braid/adult/bg/slash.png","" ,"Nila122,ElizaWy" ,"OGA-BY 3.0,CC-BY-SA 3.0,GPL 3.0,GPL 2.0" ,"https://opengameart.org/content/3-hairs-for-lpc,https://opengameart.org/content/lpc-hair" 
"hair/braid/adult/fg/shoot.png","" ,"Nila122,ElizaWy" ,"OGA-BY 3.0,CC-BY-SA 3.0,GPL 3.0,GPL 2.0" ,"https://opengameart.org/content/3-hairs-for-lpc,https://opengameart.org/content/lpc-hair" 
"hair/braid/adult/bg/shoot.png","" ,"Nila122,ElizaWy" ,"OGA-BY 3.0,CC-BY-SA 3.0,GPL 3.0,GPL 2.0" ,"https://opengameart.org/content/3-hairs-for-lpc,https://opengameart.org/content/lpc-hair" 
"hair/braid/adult/fg/hurt.png","" ,"Nila122,ElizaWy" ,"OGA-BY 3.0,CC-BY-SA 3.0,GPL 3.0,GPL 2.0" ,"https://opengameart.org/content/3-hairs-for-lpc,https://opengameart.org/content/lpc-hair" 
"hair/braid/adult/bg/hurt.png","" ,"Nila122,ElizaWy" ,"OGA-BY 3.0,CC-BY-SA 3.0,GPL 3.0,GPL 2.0" ,"https://opengameart.org/content/3-hairs-for-lpc,https://opengameart.org/content/lpc-hair" 
"hair/braid/adult/fg/idle.png","" ,"Nila122,ElizaWy" ,"OGA-BY 3.0,CC-BY-SA 3.0,GPL 3.0,GPL 2.0" ,"https://opengameart.org/content/3-hairs-for-lpc,https://opengameart.org/content/lpc-hair" 
"hair/braid/adult/bg/idle.png","" ,"Nila122,ElizaWy" ,"OGA-BY 3.0,CC-BY-SA 3.0,GPL 3.0,GPL 2.0" ,"https://opengameart.org/content/3-hairs-for-lpc,https://opengameart.org/content/lpc-hair" 
"hair/long_tied/adult/fg/spellcast.png","" ,"JaidynReiman,thecilekli,bluecarrot16" ,"CC0" ,"https://opengameart.org/content/lpc-long-tied-hair-with-12-colors,https://opengameart.org/content/lpc-hair,https://opengameart.org/content/lpc-expanded-hair" 
"hair/long_tied/adult/bg/spellcast.png","" ,"JaidynReiman,thecilekli,bluecarrot16" ,"CC0" ,"https://opengameart.org/content/lpc-long-tied-hair-with-12-colors,https://opengameart.org/content/lpc-hair,https://opengameart.org/content/lpc-expanded-hair" 
"hair/long_tied/adult/fg/thrust.png","" ,"JaidynReiman,thecilekli,bluecarrot16" ,"CC0" ,"https://opengameart.org/content/lpc-long-tied-hair-with-12-colors,https://opengameart.org/content/lpc-hair,https://opengameart.org/content/lpc-expanded-hair" 
"hair/long_tied/adult/bg/thrust.png","" ,"JaidynReiman,thecilekli,bluecarrot16" ,"CC0" ,"https://opengameart.org/content/lpc-long-tied-hair-with-12-colors,https://opengameart.org/content/lpc-hair,https://opengameart.org/content/lpc-expanded-hair" 
"hair/long_tied/adult/fg/walk.png","" ,"JaidynReiman,thecilekli,bluecarrot16" ,"CC0" ,"https://opengameart.org/content/lpc-long-tied-hair-with-12-colors,https://opengameart.org/content/lpc-hair,https://opengameart.org/content/lpc-expanded-hair" 
"hair/long_tied/adult/bg/walk.png","" ,"JaidynReiman,thecilekli,bluecarrot16" ,"CC0" ,"https://opengameart.org/content/lpc-long-tied-hair-with-12-colors,https://opengameart.org/content/lpc-hair,https://opengameart.org/content/lpc-expanded-hair" 
"hair/long_tied/adult/fg/slash.png","" ,"JaidynReiman,thecilekli,bluecarrot16" ,"CC0" ,"https://opengameart.org/content/lpc-long-tied-hair-with-12-colors,https://opengameart.org/content/lpc-hair,https://opengameart.org/content/lpc-expanded-hair" 
"hair/long_tied/adult/bg/slash.png","" ,"JaidynReiman,thecilekli,bluecarrot16" ,"CC0" ,"https://opengameart.org/content/lpc-long-tied-hair-with-12-colors,https://opengameart.org/content/lpc-hair,https://opengameart.org/content/lpc-expanded-hair" 
"hair/long_tied/adult/fg/shoot.png","" ,"JaidynReiman,thecilekli,bluecarrot16" ,"CC0" ,"https://opengameart.org/content/lpc-long-tied-hair-with-12-colors,https://opengameart.org/content/lpc-hair,https://opengameart.org/content/lpc-expanded-hair" 
"hair/long_tied/adult/bg/shoot.png","" ,"JaidynReiman,thecilekli,bluecarrot16" ,"CC0" ,"https://opengameart.org/content/lpc-long-tied-hair-with-12-colors,https://opengameart.org/content/lpc-hair,https://opengameart.org/content/lpc-expanded-hair" 
"hair/long_tied/adult/fg/hurt.png","" ,"JaidynReiman,thecilekli,bluecarrot16" ,"CC0" ,"https://opengameart.org/content/lpc-long-tied-hair-with-12-colors,https://opengameart.org/content/lpc-hair,https://opengameart.org/content/lpc-expanded-hair" 
"hair/long_tied/adult/bg/hurt.png","" ,"JaidynReiman,thecilekli,bluecarrot16" ,"CC0" ,"https://opengameart.org/content/lpc-long-tied-hair-with-12-colors,https://opengameart.org/content/lpc-hair,https://opengameart.org/content/lpc-expanded-hair" 
"hair/long_tied/adult/fg/idle.png","" ,"JaidynReiman,thecilekli,bluecarrot16" ,"CC0" ,"https://opengameart.org/content/lpc-long-tied-hair-with-12-colors,https://opengameart.org/content/lpc-hair,https://opengameart.org/content/lpc-expanded-hair" 
"hair/long_tied/adult/bg/idle.png","" ,"JaidynReiman,thecilekli,bluecarrot16" ,"CC0" ,"https://opengameart.org/content/lpc-long-tied-hair-with-12-colors,https://opengameart.org/content/lpc-hair,https://opengameart.org/content/lpc-expanded-hair" 
"hair/ponytail/adult/fg/spellcast.png","" ,"JaidynReiman,Manuel Riecke (MrBeast)" ,"CC-BY-SA 3.0,GPL 3.0" ,"https://opengameart.org/content/liberated-pixel-cup-lpc-base-assets-sprites-map-tiles,https://opengameart.org/content/lpc-expanded-hair" 
"hair/ponytail/adult/bg/spellcast.png","" ,"JaidynReiman,Manuel Riecke (MrBeast)" ,"CC-BY-SA 3.0,GPL 3.0" ,"https://opengameart.org/content/liberated-pixel-cup-lpc-base-assets-sprites-map-tiles,https://opengameart.org/content/lpc-expanded-hair" 
"hair/ponytail/adult/fg/thrust.png","" ,"JaidynReiman,Manuel Riecke (MrBeast)" ,"CC-BY-SA 3.0,GPL 3.0" ,"https://opengameart.org/content/liberated-pixel-cup-lpc-base-assets-sprites-map-tiles,https://opengameart.org/content/lpc-expanded-hair" 
"hair/ponytail/adult/bg/thrust.png","" ,"JaidynReiman,Manuel Riecke (MrBeast)" ,"CC-BY-SA 3.0,GPL 3.0" ,"https://opengameart.org/content/liberated-pixel-cup-lpc-base-assets-sprites-map-tiles,https://opengameart.org/content/lpc-expanded-hair" 
"hair/ponytail/adult/fg/walk.png","" ,"JaidynReiman,Manuel Riecke (MrBeast)" ,"CC-BY-SA 3.0,GPL 3.0" ,"https://opengameart.org/content/liberated-pixel-cup-lpc-base-assets-sprites-map-tiles,https://opengameart.org/content/lpc-expanded-hair" 
"hair/ponytail/adult/bg/walk.png","" ,"JaidynReiman,Manuel Riecke (MrBeast)" ,"CC-BY-SA 3.0,GPL 3.0" ,"https://opengameart.org/content/liberated-pixel-cup-lpc-base-assets-sprites-map-tiles,https://opengameart.org/content/lpc-expanded-hair" 
"hair/ponytail/adult/fg/slash.png","" ,"JaidynReiman,Manuel Riecke (MrBeast)" ,"CC-BY-SA 3.0,GPL 3.0" ,"https://opengameart.org/content/liberated-pixel-cup-lpc-base-assets-sprites-map-tiles,https://opengameart.org/content/lpc-expanded-hair" 
"hair/ponytail/adult/bg/slash.png","" ,"JaidynReiman,Manuel Riecke (MrBeast)" ,"CC-BY-SA 3.0,GPL 3.0" ,"https://opengameart.org/content/liberated-pixel-cup-lpc-base-assets-sprites-map-tiles,https://opengameart.org/content/lpc-expanded-hair" 
"hair/ponytail/adult/fg/shoot.png","" ,"JaidynReiman,Manuel Riecke (MrBeast)" ,"CC-BY-SA 3.0,GPL 3.0" ,"https://opengameart.org/content/liberated-pixel-cup-lpc-base-assets-sprites-map-tiles,https://opengameart.org/content/lpc-expanded-hair" 
"hair/ponytail/adult/bg/shoot.png","" ,"JaidynReiman,Manuel Riecke (MrBeast)" ,"CC-BY-SA 3.0,GPL 3.0" ,"https://opengameart.org/content/liberated-pixel-cup-lpc-base-assets-sprites-map-tiles,https://opengameart.org/content/lpc-expanded-hair" 
"hair/ponytail/adult/fg/hurt.png","" ,"JaidynReiman,Manuel Riecke (MrBeast)" ,"CC-BY-SA 3.0,GPL 3.0" ,"https://opengameart.org/content/liberated-pixel-cup-lpc-base-assets-sprites-map-tiles,https://opengameart.org/content/lpc-expanded-hair" 
"hair/ponytail/adult/bg/hurt.png","" ,"JaidynReiman,Manuel Riecke (MrBeast)" ,"CC-BY-SA 3.0,GPL 3.0" ,"https://opengameart.org/content/liberated-pixel-cup-lpc-base-assets-sprites-map-tiles,https://opengameart.org/content/lpc-expanded-hair" 
"hair/ponytail/adult/fg/idle.png","" ,"JaidynReiman,Manuel Riecke (MrBeast)" ,"CC-BY-SA 3.0,GPL 3.0" ,"https://opengameart.org/content/liberated-pixel-cup-lpc-base-assets-sprites-map-tiles,https://opengameart.org/content/lpc-expanded-hair" 
"hair/ponytail/adult/bg/idle.png","" ,"JaidynReiman,Manuel Riecke (MrBeast)" ,"CC-BY-SA 3.0,GPL 3.0" ,"https://opengameart.org/content/liberated-pixel-cup-lpc-base-assets-sprites-map-tiles,https://opengameart.org/content/lpc-expanded-hair" 
"hair/parted_side_bangs/adult/spellcast.png","" ,"JaidynReiman" ,"OGA-BY 3.0+,CC-BY 3.0+,CC-BY-SA 3.0,GPL 3.0" ,"https://opengameart.org/content/lpc-1-hairstyle-2-hair-extensions-3-previously-unofficially-released-hairstyles,https://github.com/jrconway3/Universal-LPC-spritesheet/commit/46ddcf05a0e43e7aa6ffd47d350eef0eb529ac24" 
"hair/parted_side_bangs/adult/thrust.png","" ,"JaidynReiman" ,"OGA-BY 3.0+,CC-BY 3.0+,CC-BY-SA 3.0,GPL 3.0" ,"https://opengameart.org/content/lpc-1-hairstyle-2-hair-extensions-3-previously-unofficially-released-hairstyles,https://github.com/jrconway3/Universal-LPC-spritesheet/commit/46ddcf05a0e43e7aa6ffd47d350eef0eb529ac24" 
"hair/parted_side_bangs/adult/walk.png","" ,"JaidynReiman" ,"OGA-BY 3.0+,CC-BY 3.0+,CC-BY-SA 3.0,GPL 3.0" ,"https://opengameart.org/content/lpc-1-hairstyle-2-hair-extensions-3-previously-unofficially-released-hairstyles,https://github.com/jrconway3/Universal-LPC-spritesheet/commit/46ddcf05a0e43e7aa6ffd47d350eef0eb529ac24" 
"hair/parted_side_bangs/adult/slash.png","" ,"JaidynReiman" ,"OGA-BY 3.0+,CC-BY 3.0+,CC-BY-SA 3.0,GPL 3.0" ,"https://opengameart.org/content/lpc-1-hairstyle-2-hair-extensions-3-previously-unofficially-released-hairstyles,https://github.com/jrconway3/Universal-LPC-spritesheet/commit/46ddcf05a0e43e7aa6ffd47d350eef0eb529ac24" 
"hair/parted_side_bangs/adult/shoot.png","" ,"JaidynReiman" ,"OGA-BY 3.0+,CC-BY 3.0+,CC-BY-SA 3.0,GPL 3.0" ,"https://opengameart.org/content/lpc-1-hairstyle-2-hair-extensions-3-previously-unofficially-released-hairstyles,https://github.com/jrconway3/Universal-LPC-spritesheet/commit/46ddcf05a0e43e7aa6ffd47d350eef0eb529ac24" 
"hair/parted_side_bangs/adult/hurt.png","" ,"JaidynReiman" ,"OGA-BY 3.0+,CC-BY 3.0+,CC-BY-SA 3.0,GPL 3.0" ,"https://opengameart.org/content/lpc-1-hairstyle-2-hair-extensions-3-previously-unofficially-released-hairstyles,https://github.com/jrconway3/Universal-LPC-spritesheet/commit/46ddcf05a0e43e7aa6ffd47d350eef0eb529ac24" 
"hair/parted_side_bangs/adult/idle.png","" ,"JaidynReiman" ,"OGA-BY 3.0+,CC-BY 3.0+,CC-BY-SA 3.0,GPL 3.0" ,"https://opengameart.org/content/lpc-1-hairstyle-2-hair-extensions-3-previously-unofficially-released-hairstyles,https://github.com/jrconway3/Universal-LPC-spritesheet/commit/46ddcf05a0e43e7aa6ffd47d350eef0eb529ac24" 
"hair/parted_side_bangs/adult/spellcast.png","" ,"JaidynReiman" ,"OGA-BY 3.0+,CC-BY 3.0+,CC-BY-SA 3.0,GPL 3.0" ,"https://opengameart.org/content/lpc-1-hairstyle-2-hair-extensions-3-previously-unofficially-released-hairstyles,https://github.com/jrconway3/Universal-LPC-spritesheet/commit/46ddcf05a0e43e7aa6ffd47d350eef0eb529ac24" 
"hair/extensions/ponytails/topknot_short/adult/spellcast.png","" ,"JaidynReiman" ,"OGA-BY 3.0+,CC-BY 3.0+,CC-BY-SA 3.0,GPL 3.0" ,"https://opengameart.org/content/lpc-1-hairstyle-2-hair-extensions-3-previously-unofficially-released-hairstyles" 
"hair/parted_side_bangs/adult/thrust.png","" ,"JaidynReiman" ,"OGA-BY 3.0+,CC-BY 3.0+,CC-BY-SA 3.0,GPL 3.0" ,"https://opengameart.org/content/lpc-1-hairstyle-2-hair-extensions-3-previously-unofficially-released-hairstyles,https://github.com/jrconway3/Universal-LPC-spritesheet/commit/46ddcf05a0e43e7aa6ffd47d350eef0eb529ac24" 
"hair/extensions/ponytails/topknot_short/adult/thrust.png","" ,"JaidynReiman" ,"OGA-BY 3.0+,CC-BY 3.0+,CC-BY-SA 3.0,GPL 3.0" ,"https://opengameart.org/content/lpc-1-hairstyle-2-hair-extensions-3-previously-unofficially-released-hairstyles" 
"hair/parted_side_bangs/adult/walk.png","" ,"JaidynReiman" ,"OGA-BY 3.0+,CC-BY 3.0+,CC-BY-SA 3.0,GPL 3.0" ,"https://opengameart.org/content/lpc-1-hairstyle-2-hair-extensions-3-previously-unofficially-released-hairstyles,https://github.com/jrconway3/Universal-LPC-spritesheet/commit/46ddcf05a0e43e7aa6ffd47d350eef0eb529ac24" 
"hair/extensions/ponytails/topknot_short/adult/walk.png","" ,"JaidynReiman" ,"OGA-BY 3.0+,CC-BY 3.0+,CC-BY-SA 3.0,GPL 3.0" ,"https://opengameart.org/content/lpc-1-hairstyle-2-hair-extensions-3-previously-unofficially-released-hairstyles" 
"hair/parted_side_bangs/adult/slash.png","" ,"JaidynReiman" ,"OGA-BY 3.0+,CC-BY 3.0+,CC-BY-SA 3.0,GPL 3.0" ,"https://opengameart.org/content/lpc-1-hairstyle-2-hair-extensions-3-previously-unofficially-released-hairstyles,https://github.com/jrconway3/Universal-LPC-spritesheet/commit/46ddcf05a0e43e7aa6ffd47d350eef0eb529ac24" 
"hair/extensions/ponytails/topknot_short/adult/slash.png","" ,"JaidynReiman" ,"OGA-BY 3.0+,CC-BY 3.0+,CC-BY-SA 3.0,GPL 3.0" ,"https://opengameart.org/content/lpc-1-hairstyle-2-hair-extensions-3-previously-unofficially-released-hairstyles" 
"hair/parted_side_bangs/adult/shoot.png","" ,"JaidynReiman" ,"OGA-BY 3.0+,CC-BY 3.0+,CC-BY-SA 3.0,GPL 3.0" ,"https://opengameart.org/content/lpc-1-hairstyle-2-hair-extensions-3-previously-unofficially-released-hairstyles,https://github.com/jrconway3/Universal-LPC-spritesheet/commit/46ddcf05a0e43e7aa6ffd47d350eef0eb529ac24" 
"hair/extensions/ponytails/topknot_short/adult/shoot.png","" ,"JaidynReiman" ,"OGA-BY 3.0+,CC-BY 3.0+,CC-BY-SA 3.0,GPL 3.0" ,"https://opengameart.org/content/lpc-1-hairstyle-2-hair-extensions-3-previously-unofficially-released-hairstyles" 
"hair/parted_side_bangs/adult/hurt.png","" ,"JaidynReiman" ,"OGA-BY 3.0+,CC-BY 3.0+,CC-BY-SA 3.0,GPL 3.0" ,"https://opengameart.org/content/lpc-1-hairstyle-2-hair-extensions-3-previously-unofficially-released-hairstyles,https://github.com/jrconway3/Universal-LPC-spritesheet/commit/46ddcf05a0e43e7aa6ffd47d350eef0eb529ac24" 
"hair/extensions/ponytails/topknot_short/adult/hurt.png","" ,"JaidynReiman" ,"OGA-BY 3.0+,CC-BY 3.0+,CC-BY-SA 3.0,GPL 3.0" ,"https://opengameart.org/content/lpc-1-hairstyle-2-hair-extensions-3-previously-unofficially-released-hairstyles" 
"hair/parted_side_bangs/adult/idle.png","" ,"JaidynReiman" ,"OGA-BY 3.0+,CC-BY 3.0+,CC-BY-SA 3.0,GPL 3.0" ,"https://opengameart.org/content/lpc-1-hairstyle-2-hair-extensions-3-previously-unofficially-released-hairstyles,https://github.com/jrconway3/Universal-LPC-spritesheet/commit/46ddcf05a0e43e7aa6ffd47d350eef0eb529ac24" 
"hair/extensions/ponytails/topknot_short/adult/idle.png","" ,"JaidynReiman" ,"OGA-BY 3.0+,CC-BY 3.0+,CC-BY-SA 3.0,GPL 3.0" ,"https://opengameart.org/content/lpc-1-hairstyle-2-hair-extensions-3-previously-unofficially-released-hairstyles" 
"hair/extensions/ponytails/topknot_short/adult/spellcast.png","" ,"JaidynReiman" ,"OGA-BY 3.0+,CC-BY 3.0+,CC-BY-SA 3.0,GPL 3.0" ,"https://opengameart.org/content/lpc-1-hairstyle-2-hair-extensions-3-previously-unofficially-released-hairstyles" 
"hair/extensions/ponytails/topknot_short/adult/thrust.png","" ,"JaidynReiman" ,"OGA-BY 3.0+,CC-BY 3.0+,CC-BY-SA 3.0,GPL 3.0" ,"https://opengameart.org/content/lpc-1-hairstyle-2-hair-extensions-3-previously-unofficially-released-hairstyles" 
"hair/extensions/ponytails/topknot_short/adult/walk.png","" ,"JaidynReiman" ,"OGA-BY 3.0+,CC-BY 3.0+,CC-BY-SA 3.0,GPL 3.0" ,"https://opengameart.org/content/lpc-1-hairstyle-2-hair-extensions-3-previously-unofficially-released-hairstyles" 
"hair/extensions/ponytails/topknot_short/adult/slash.png","" ,"JaidynReiman" ,"OGA-BY 3.0+,CC-BY 3.0+,CC-BY-SA 3.0,GPL 3.0" ,"https://opengameart.org/content/lpc-1-hairstyle-2-hair-extensions-3-previously-unofficially-released-hairstyles" 
"hair/extensions/ponytails/topknot_short/adult/shoot.png","" ,"JaidynReiman" ,"OGA-BY 3.0+,CC-BY 3.0+,CC-BY-SA 3.0,GPL 3.0" ,"https://opengameart.org/content/lpc-1-hairstyle-2-hair-extensions-3-previously-unofficially-released-hairstyles" 
"hair/extensions/ponytails/topknot_short/adult/hurt.png","" ,"JaidynReiman" ,"OGA-BY 3.0+,CC-BY 3.0+,CC-BY-SA 3.0,GPL 3.0" ,"https://opengameart.org/content/lpc-1-hairstyle-2-hair-extensions-3-previously-unofficially-released-hairstyles" 
"hair/extensions/ponytails/topknot_short/adult/idle.png","" ,"JaidynReiman" ,"OGA-BY 3.0+,CC-BY 3.0+,CC-BY-SA 3.0,GPL 3.0" ,"https://opengameart.org/content/lpc-1-hairstyle-2-hair-extensions-3-previously-unofficially-released-hairstyles" 
"hair/long_messy/adult/spellcast.png","(puck)" ,"Mandi Paugh,bluecarrot16" ,"GPL 2.0,GPL 3.0,CC-BY 3.0" ,"https://opengameart.org/content/puck-overland,https://opengameart.org/content/lpc-hair" 
"hair/long_messy/adult/thrust.png","(puck)" ,"Mandi Paugh,bluecarrot16" ,"GPL 2.0,GPL 3.0,CC-BY 3.0" ,"https://opengameart.org/content/puck-overland,https://opengameart.org/content/lpc-hair" 
"hair/long_messy/adult/walk.png","(puck)" ,"Mandi Paugh,bluecarrot16" ,"GPL 2.0,GPL 3.0,CC-BY 3.0" ,"https://opengameart.org/content/puck-overland,https://opengameart.org/content/lpc-hair" 
"hair/long_messy/adult/slash.png","(puck)" ,"Mandi Paugh,bluecarrot16" ,"GPL 2.0,GPL 3.0,CC-BY 3.0" ,"https://opengameart.org/content/puck-overland,https://opengameart.org/content/lpc-hair" 
"hair/long_messy/adult/shoot.png","(puck)" ,"Mandi Paugh,bluecarrot16" ,"GPL 2.0,GPL 3.0,CC-BY 3.0" ,"https://opengameart.org/content/puck-overland,https://opengameart.org/content/lpc-hair" 
"hair/long_messy/adult/hurt.png","(puck)" ,"Mandi Paugh,bluecarrot16" ,"GPL 2.0,GPL 3.0,CC-BY 3.0" ,"https://opengameart.org/content/puck-overland,https://opengameart.org/content/lpc-hair" 
"hair/long_messy/adult/idle.png","(puck)" ,"Mandi Paugh,bluecarrot16" ,"GPL 2.0,GPL 3.0,CC-BY 3.0" ,"https://opengameart.org/content/puck-overland,https://opengameart.org/content/lpc-hair" 
"hair/long_straight/adult/spellcast.png","" ,"JaidynReiman,thecilekli,bluecarrot16" ,"CC0" ,"https://opengameart.org/content/lpc-long-straight-hair-with-12-colors,https://opengameart.org/content/lpc-hair,https://opengameart.org/content/lpc-expanded-hair" 
"hair/long_straight/adult/thrust.png","" ,"JaidynReiman,thecilekli,bluecarrot16" ,"CC0" ,"https://opengameart.org/content/lpc-long-straight-hair-with-12-colors,https://opengameart.org/content/lpc-hair,https://opengameart.org/content/lpc-expanded-hair" 
"hair/long_straight/adult/walk.png","" ,"JaidynReiman,thecilekli,bluecarrot16" ,"CC0" ,"https://opengameart.org/content/lpc-long-straight-hair-with-12-colors,https://opengameart.org/content/lpc-hair,https://opengameart.org/content/lpc-expanded-hair" 
"hair/long_straight/adult/slash.png","" ,"JaidynReiman,thecilekli,bluecarrot16" ,"CC0" ,"https://opengameart.org/content/lpc-long-straight-hair-with-12-colors,https://opengameart.org/content/lpc-hair,https://opengameart.org/content/lpc-expanded-hair" 
"hair/long_straight/adult/shoot.png","" ,"JaidynReiman,thecilekli,bluecarrot16" ,"CC0" ,"https://opengameart.org/content/lpc-long-straight-hair-with-12-colors,https://opengameart.org/content/lpc-hair,https://opengameart.org/content/lpc-expanded-hair" 
"hair/long_straight/adult/hurt.png","" ,"JaidynReiman,thecilekli,bluecarrot16" ,"CC0" ,"https://opengameart.org/content/lpc-long-straight-hair-with-12-colors,https://opengameart.org/content/lpc-hair,https://opengameart.org/content/lpc-expanded-hair" 
"hair/long_straight/adult/idle.png","" ,"JaidynReiman,thecilekli,bluecarrot16" ,"CC0" ,"https://opengameart.org/content/lpc-long-straight-hair-with-12-colors,https://opengameart.org/content/lpc-hair,https://opengameart.org/content/lpc-expanded-hair" 
"hair/long/adult/spellcast.png","" ,"JaidynReiman,Manuel Riecke (MrBeast)" ,"CC-BY-SA 3.0,GPL 3.0" ,"https://opengameart.org/content/liberated-pixel-cup-lpc-base-assets-sprites-map-tiles,https://opengameart.org/content/lpc-expanded-hair" 
"hair/long/adult/thrust.png","" ,"JaidynReiman,Manuel Riecke (MrBeast)" ,"CC-BY-SA 3.0,GPL 3.0" ,"https://opengameart.org/content/liberated-pixel-cup-lpc-base-assets-sprites-map-tiles,https://opengameart.org/content/lpc-expanded-hair" 
"hair/long/adult/walk.png","" ,"JaidynReiman,Manuel Riecke (MrBeast)" ,"CC-BY-SA 3.0,GPL 3.0" ,"https://opengameart.org/content/liberated-pixel-cup-lpc-base-assets-sprites-map-tiles,https://opengameart.org/content/lpc-expanded-hair" 
"hair/long/adult/slash.png","" ,"JaidynReiman,Manuel Riecke (MrBeast)" ,"CC-BY-SA 3.0,GPL 3.0" ,"https://opengameart.org/content/liberated-pixel-cup-lpc-base-assets-sprites-map-tiles,https://opengameart.org/content/lpc-expanded-hair" 
"hair/long/adult/shoot.png","" ,"JaidynReiman,Manuel Riecke (MrBeast)" ,"CC-BY-SA 3.0,GPL 3.0" ,"https://opengameart.org/content/liberated-pixel-cup-lpc-base-assets-sprites-map-tiles,https://opengameart.org/content/lpc-expanded-hair" 
"hair/long/adult/hurt.png","" ,"JaidynReiman,Manuel Riecke (MrBeast)" ,"CC-BY-SA 3.0,GPL 3.0" ,"https://opengameart.org/content/liberated-pixel-cup-lpc-base-assets-sprites-map-tiles,https://opengameart.org/content/lpc-expanded-hair" 
"hair/long/adult/idle.png","" ,"JaidynReiman,Manuel Riecke (MrBeast)" ,"CC-BY-SA 3.0,GPL 3.0" ,"https://opengameart.org/content/liberated-pixel-cup-lpc-base-assets-sprites-map-tiles,https://opengameart.org/content/lpc-expanded-hair" 
"hair/wavy/adult/fg/spellcast.png","" ,"JaidynReiman,Nila122" ,"OGA-BY 3.0,CC-BY-SA 3.0,GPL 2.0,GPL 3.0" ,"https://opengameart.org/content/3-hairs-for-lpc,https://opengameart.org/content/lpc-expanded-hair" 
"hair/wavy/adult/bg/spellcast.png","" ,"JaidynReiman,Nila122" ,"OGA-BY 3.0,CC-BY-SA 3.0,GPL 2.0,GPL 3.0" ,"https://opengameart.org/content/3-hairs-for-lpc,https://opengameart.org/content/lpc-expanded-hair" 
"hair/wavy/adult/fg/thrust.png","" ,"JaidynReiman,Nila122" ,"OGA-BY 3.0,CC-BY-SA 3.0,GPL 2.0,GPL 3.0" ,"https://opengameart.org/content/3-hairs-for-lpc,https://opengameart.org/content/lpc-expanded-hair" 
"hair/wavy/adult/bg/thrust.png","" ,"JaidynReiman,Nila122" ,"OGA-BY 3.0,CC-BY-SA 3.0,GPL 2.0,GPL 3.0" ,"https://opengameart.org/content/3-hairs-for-lpc,https://opengameart.org/content/lpc-expanded-hair" 
"hair/wavy/adult/fg/walk.png","" ,"JaidynReiman,Nila122" ,"OGA-BY 3.0,CC-BY-SA 3.0,GPL 2.0,GPL 3.0" ,"https://opengameart.org/content/3-hairs-for-lpc,https://opengameart.org/content/lpc-expanded-hair" 
"hair/wavy/adult/bg/walk.png","" ,"JaidynReiman,Nila122" ,"OGA-BY 3.0,CC-BY-SA 3.0,GPL 2.0,GPL 3.0" ,"https://opengameart.org/content/3-hairs-for-lpc,https://opengameart.org/content/lpc-expanded-hair" 
"hair/wavy/adult/fg/slash.png","" ,"JaidynReiman,Nila122" ,"OGA-BY 3.0,CC-BY-SA 3.0,GPL 2.0,GPL 3.0" ,"https://opengameart.org/content/3-hairs-for-lpc,https://opengameart.org/content/lpc-expanded-hair" 
"hair/wavy/adult/bg/slash.png","" ,"JaidynReiman,Nila122" ,"OGA-BY 3.0,CC-BY-SA 3.0,GPL 2.0,GPL 3.0" ,"https://opengameart.org/content/3-hairs-for-lpc,https://opengameart.org/content/lpc-expanded-hair" 
"hair/wavy/adult/fg/shoot.png","" ,"JaidynReiman,Nila122" ,"OGA-BY 3.0,CC-BY-SA 3.0,GPL 2.0,GPL 3.0" ,"https://opengameart.org/content/3-hairs-for-lpc,https://opengameart.org/content/lpc-expanded-hair" 
"hair/wavy/adult/bg/shoot.png","" ,"JaidynReiman,Nila122" ,"OGA-BY 3.0,CC-BY-SA 3.0,GPL 2.0,GPL 3.0" ,"https://opengameart.org/content/3-hairs-for-lpc,https://opengameart.org/content/lpc-expanded-hair" 
"hair/wavy/adult/fg/hurt.png","" ,"JaidynReiman,Nila122" ,"OGA-BY 3.0,CC-BY-SA 3.0,GPL 2.0,GPL 3.0" ,"https://opengameart.org/content/3-hairs-for-lpc,https://opengameart.org/content/lpc-expanded-hair" 
"hair/wavy/adult/bg/hurt.png","" ,"JaidynReiman,Nila122" ,"OGA-BY 3.0,CC-BY-SA 3.0,GPL 2.0,GPL 3.0" ,"https://opengameart.org/content/3-hairs-for-lpc,https://opengameart.org/content/lpc-expanded-hair" 
"hair/wavy/adult/fg/idle.png","" ,"JaidynReiman,Nila122" ,"OGA-BY 3.0,CC-BY-SA 3.0,GPL 2.0,GPL 3.0" ,"https://opengameart.org/content/3-hairs-for-lpc,https://opengameart.org/content/lpc-expanded-hair" 
"hair/wavy/adult/bg/idle.png","" ,"JaidynReiman,Nila122" ,"OGA-BY 3.0,CC-BY-SA 3.0,GPL 2.0,GPL 3.0" ,"https://opengameart.org/content/3-hairs-for-lpc,https://opengameart.org/content/lpc-expanded-hair" 
"hair/xlong/adult/fg/spellcast.png","Original by Nila122; cleaned up, resplit into separate layers, and added jump/run/sit/revised combat by JaidynReiman" ,"JaidynReiman,Nila122" ,"OGA-BY 3.0,CC-BY-SA 3.0,GPL 2.0,GPL 3.0" ,"https://opengameart.org/content/lpc-clothes-and-hair,https://opengameart.org/content/lpc-expanded-xlong-hair" 
"hair/xlong/adult/bg/spellcast.png","Original by Nila122; cleaned up, resplit into separate layers, and added jump/run/sit/revised combat by JaidynReiman" ,"JaidynReiman,Nila122" ,"OGA-BY 3.0,CC-BY-SA 3.0,GPL 2.0,GPL 3.0" ,"https://opengameart.org/content/lpc-clothes-and-hair,https://opengameart.org/content/lpc-expanded-xlong-hair" 
"hair/xlong/adult/fg/thrust.png","Original by Nila122; cleaned up, resplit into separate layers, and added jump/run/sit/revised combat by JaidynReiman" ,"JaidynReiman,Nila122" ,"OGA-BY 3.0,CC-BY-SA 3.0,GPL 2.0,GPL 3.0" ,"https://opengameart.org/content/lpc-clothes-and-hair,https://opengameart.org/content/lpc-expanded-xlong-hair" 
"hair/xlong/adult/bg/thrust.png","Original by Nila122; cleaned up, resplit into separate layers, and added jump/run/sit/revised combat by JaidynReiman" ,"JaidynReiman,Nila122" ,"OGA-BY 3.0,CC-BY-SA 3.0,GPL 2.0,GPL 3.0" ,"https://opengameart.org/content/lpc-clothes-and-hair,https://opengameart.org/content/lpc-expanded-xlong-hair" 
"hair/xlong/adult/fg/walk.png","Original by Nila122; cleaned up, resplit into separate layers, and added jump/run/sit/revised combat by JaidynReiman" ,"JaidynReiman,Nila122" ,"OGA-BY 3.0,CC-BY-SA 3.0,GPL 2.0,GPL 3.0" ,"https://opengameart.org/content/lpc-clothes-and-hair,https://opengameart.org/content/lpc-expanded-xlong-hair" 
"hair/xlong/adult/bg/walk.png","Original by Nila122; cleaned up, resplit into separate layers, and added jump/run/sit/revised combat by JaidynReiman" ,"JaidynReiman,Nila122" ,"OGA-BY 3.0,CC-BY-SA 3.0,GPL 2.0,GPL 3.0" ,"https://opengameart.org/content/lpc-clothes-and-hair,https://opengameart.org/content/lpc-expanded-xlong-hair" 
"hair/xlong/adult/fg/slash.png","Original by Nila122; cleaned up, resplit into separate layers, and added jump/run/sit/revised combat by JaidynReiman" ,"JaidynReiman,Nila122" ,"OGA-BY 3.0,CC-BY-SA 3.0,GPL 2.0,GPL 3.0" ,"https://opengameart.org/content/lpc-clothes-and-hair,https://opengameart.org/content/lpc-expanded-xlong-hair" 
"hair/xlong/adult/bg/slash.png","Original by Nila122; cleaned up, resplit into separate layers, and added jump/run/sit/revised combat by JaidynReiman" ,"JaidynReiman,Nila122" ,"OGA-BY 3.0,CC-BY-SA 3.0,GPL 2.0,GPL 3.0" ,"https://opengameart.org/content/lpc-clothes-and-hair,https://opengameart.org/content/lpc-expanded-xlong-hair" 
"hair/xlong/adult/fg/shoot.png","Original by Nila122; cleaned up, resplit into separate layers, and added jump/run/sit/revised combat by JaidynReiman" ,"JaidynReiman,Nila122" ,"OGA-BY 3.0,CC-BY-SA 3.0,GPL 2.0,GPL 3.0" ,"https://opengameart.org/content/lpc-clothes-and-hair,https://opengameart.org/content/lpc-expanded-xlong-hair" 
"hair/xlong/adult/bg/shoot.png","Original by Nila122; cleaned up, resplit into separate layers, and added jump/run/sit/revised combat by JaidynReiman" ,"JaidynReiman,Nila122" ,"OGA-BY 3.0,CC-BY-SA 3.0,GPL 2.0,GPL 3.0" ,"https://opengameart.org/content/lpc-clothes-and-hair,https://opengameart.org/content/lpc-expanded-xlong-hair" 
"hair/xlong/adult/fg/hurt.png","Original by Nila122; cleaned up, resplit into separate layers, and added jump/run/sit/revised combat by JaidynReiman" ,"JaidynReiman,Nila122" ,"OGA-BY 3.0,CC-BY-SA 3.0,GPL 2.0,GPL 3.0" ,"https://opengameart.org/content/lpc-clothes-and-hair,https://opengameart.org/content/lpc-expanded-xlong-hair" 
"hair/xlong/adult/bg/hurt.png","Original by Nila122; cleaned up, resplit into separate layers, and added jump/run/sit/revised combat by JaidynReiman" ,"JaidynReiman,Nila122" ,"OGA-BY 3.0,CC-BY-SA 3.0,GPL 2.0,GPL 3.0" ,"https://opengameart.org/content/lpc-clothes-and-hair,https://opengameart.org/content/lpc-expanded-xlong-hair" 
"hair/xlong/adult/fg/idle.png","Original by Nila122; cleaned up, resplit into separate layers, and added jump/run/sit/revised combat by JaidynReiman" ,"JaidynReiman,Nila122" ,"OGA-BY 3.0,CC-BY-SA 3.0,GPL 2.0,GPL 3.0" ,"https://opengameart.org/content/lpc-clothes-and-hair,https://opengameart.org/content/lpc-expanded-xlong-hair" 
"hair/xlong/adult/bg/idle.png","Original by Nila122; cleaned up, resplit into separate layers, and added jump/run/sit/revised combat by JaidynReiman" ,"JaidynReiman,Nila122" ,"OGA-BY 3.0,CC-BY-SA 3.0,GPL 2.0,GPL 3.0" ,"https://opengameart.org/content/lpc-clothes-and-hair,https://opengameart.org/content/lpc-expanded-xlong-hair" 
"hat/cloth/hood/adult/spellcast.png","Brown hood by Wulax, original black/white recolors by ??, mapped to idle/run/jump/revised combat by JaidynReiman, along with additional recolors." ,"Johannes Sjölund (wulax),JaidynReiman" ,"OGA-BY 3.0,CC-BY-SA 3.0,GPL 3.0" ,"https://opengameart.org/content/lpc-medieval-fantasy-character-sprites,https://opengameart.org/content/lpc-expanded-hats-facial-helmets" 
"hat/cloth/hood/adult/thrust.png","Brown hood by Wulax, original black/white recolors by ??, mapped to idle/run/jump/revised combat by JaidynReiman, along with additional recolors." ,"Johannes Sjölund (wulax),JaidynReiman" ,"OGA-BY 3.0,CC-BY-SA 3.0,GPL 3.0" ,"https://opengameart.org/content/lpc-medieval-fantasy-character-sprites,https://opengameart.org/content/lpc-expanded-hats-facial-helmets" 
"hat/cloth/hood/adult/walk.png","Brown hood by Wulax, original black/white recolors by ??, mapped to idle/run/jump/revised combat by JaidynReiman, along with additional recolors." ,"Johannes Sjölund (wulax),JaidynReiman" ,"OGA-BY 3.0,CC-BY-SA 3.0,GPL 3.0" ,"https://opengameart.org/content/lpc-medieval-fantasy-character-sprites,https://opengameart.org/content/lpc-expanded-hats-facial-helmets" 
"hat/cloth/hood/adult/slash.png","Brown hood by Wulax, original black/white recolors by ??, mapped to idle/run/jump/revised combat by JaidynReiman, along with additional recolors." ,"Johannes Sjölund (wulax),JaidynReiman" ,"OGA-BY 3.0,CC-BY-SA 3.0,GPL 3.0" ,"https://opengameart.org/content/lpc-medieval-fantasy-character-sprites,https://opengameart.org/content/lpc-expanded-hats-facial-helmets" 
"hat/cloth/hood/adult/shoot.png","Brown hood by Wulax, original black/white recolors by ??, mapped to idle/run/jump/revised combat by JaidynReiman, along with additional recolors." ,"Johannes Sjölund (wulax),JaidynReiman" ,"OGA-BY 3.0,CC-BY-SA 3.0,GPL 3.0" ,"https://opengameart.org/content/lpc-medieval-fantasy-character-sprites,https://opengameart.org/content/lpc-expanded-hats-facial-helmets" 
"hat/cloth/hood/adult/hurt.png","Brown hood by Wulax, original black/white recolors by ??, mapped to idle/run/jump/revised combat by JaidynReiman, along with additional recolors." ,"Johannes Sjölund (wulax),JaidynReiman" ,"OGA-BY 3.0,CC-BY-SA 3.0,GPL 3.0" ,"https://opengameart.org/content/lpc-medieval-fantasy-character-sprites,https://opengameart.org/content/lpc-expanded-hats-facial-helmets" 
"hat/cloth/hood/adult/idle.png","Brown hood by Wulax, original black/white recolors by ??, mapped to idle/run/jump/revised combat by JaidynReiman, along with additional recolors." ,"Johannes Sjölund (wulax),JaidynReiman" ,"OGA-BY 3.0,CC-BY-SA 3.0,GPL 3.0" ,"https://opengameart.org/content/lpc-medieval-fantasy-character-sprites,https://opengameart.org/content/lpc-expanded-hats-facial-helmets" 
"hat/cloth/bandana/adult/spellcast.png","" ,"Matthew Krohn (makrohn),JaidynReiman,Marcel van de Steeg (MadMarcel),JaidynReiman" ,"OGA-BY 3.0,CC-BY-SA 3.0" ,"https://opengameart.org/content/lpc-female-orcogregoblintroll-base-walkcycle,https://github.com/makrohn/Universal-LPC-spritesheet/commit/f50007cb47c235d8896cafae7a613f0b6a9a09a8?short_path=02b86d4#diff-02b86d45789a3e3e8e79519c7d17d15c9e6ecc9b4ddecb1bcd8dfbbaef430b75,https://opengameart.org/content/lpc-expanded-hats-facial-helmets" 
"hat/cloth/bandana/adult/thrust.png","" ,"Matthew Krohn (makrohn),JaidynReiman,Marcel van de Steeg (MadMarcel),JaidynReiman" ,"OGA-BY 3.0,CC-BY-SA 3.0" ,"https://opengameart.org/content/lpc-female-orcogregoblintroll-base-walkcycle,https://github.com/makrohn/Universal-LPC-spritesheet/commit/f50007cb47c235d8896cafae7a613f0b6a9a09a8?short_path=02b86d4#diff-02b86d45789a3e3e8e79519c7d17d15c9e6ecc9b4ddecb1bcd8dfbbaef430b75,https://opengameart.org/content/lpc-expanded-hats-facial-helmets" 
"hat/cloth/bandana/adult/walk.png","" ,"Matthew Krohn (makrohn),JaidynReiman,Marcel van de Steeg (MadMarcel),JaidynReiman" ,"OGA-BY 3.0,CC-BY-SA 3.0" ,"https://opengameart.org/content/lpc-female-orcogregoblintroll-base-walkcycle,https://github.com/makrohn/Universal-LPC-spritesheet/commit/f50007cb47c235d8896cafae7a613f0b6a9a09a8?short_path=02b86d4#diff-02b86d45789a3e3e8e79519c7d17d15c9e6ecc9b4ddecb1bcd8dfbbaef430b75,https://opengameart.org/content/lpc-expanded-hats-facial-helmets" 
"hat/cloth/bandana/adult/slash.png","" ,"Matthew Krohn (makrohn),JaidynReiman,Marcel van de Steeg (MadMarcel),JaidynReiman" ,"OGA-BY 3.0,CC-BY-SA 3.0" ,"https://opengameart.org/content/lpc-female-orcogregoblintroll-base-walkcycle,https://github.com/makrohn/Universal-LPC-spritesheet/commit/f50007cb47c235d8896cafae7a613f0b6a9a09a8?short_path=02b86d4#diff-02b86d45789a3e3e8e79519c7d17d15c9e6ecc9b4ddecb1bcd8dfbbaef430b75,https://opengameart.org/content/lpc-expanded-hats-facial-helmets" 
"hat/cloth/bandana/adult/shoot.png","" ,"Matthew Krohn (makrohn),JaidynReiman,Marcel van de Steeg (MadMarcel),JaidynReiman" ,"OGA-BY 3.0,CC-BY-SA 3.0" ,"https://opengameart.org/content/lpc-female-orcogregoblintroll-base-walkcycle,https://github.com/makrohn/Universal-LPC-spritesheet/commit/f50007cb47c235d8896cafae7a613f0b6a9a09a8?short_path=02b86d4#diff-02b86d45789a3e3e8e79519c7d17d15c9e6ecc9b4ddecb1bcd8dfbbaef430b75,https://opengameart.org/content/lpc-expanded-hats-facial-helmets" 
"hat/cloth/bandana/adult/hurt.png","" ,"Matthew Krohn (makrohn),JaidynReiman,Marcel van de Steeg (MadMarcel),JaidynReiman" ,"OGA-BY 3.0,CC-BY-SA 3.0" ,"https://opengameart.org/content/lpc-female-orcogregoblintroll-base-walkcycle,https://github.com/makrohn/Universal-LPC-spritesheet/commit/f50007cb47c235d8896cafae7a613f0b6a9a09a8?short_path=02b86d4#diff-02b86d45789a3e3e8e79519c7d17d15c9e6ecc9b4ddecb1bcd8dfbbaef430b75,https://opengameart.org/content/lpc-expanded-hats-facial-helmets" 
"hat/cloth/bandana/adult/idle.png","" ,"Matthew Krohn (makrohn),JaidynReiman,Marcel van de Steeg (MadMarcel),JaidynReiman" ,"OGA-BY 3.0,CC-BY-SA 3.0" ,"https://opengameart.org/content/lpc-female-orcogregoblintroll-base-walkcycle,https://github.com/makrohn/Universal-LPC-spritesheet/commit/f50007cb47c235d8896cafae7a613f0b6a9a09a8?short_path=02b86d4#diff-02b86d45789a3e3e8e79519c7d17d15c9e6ecc9b4ddecb1bcd8dfbbaef430b75,https://opengameart.org/content/lpc-expanded-hats-facial-helmets" 
"hat/headband/thick/adult/spellcast.png","" ,"JaidynReiman" ,"OGA-BY 3.0+,CC-BY 3.0+,GPL 3.0" ,"https://opengameart.org/content/lpc-relm-hair-xlong-ponytail,https://opengameart.org/content/lpc-expanded-hats-facial-helmets" 
"hat/headband/thick/adult/thrust.png","" ,"JaidynReiman" ,"OGA-BY 3.0+,CC-BY 3.0+,GPL 3.0" ,"https://opengameart.org/content/lpc-relm-hair-xlong-ponytail,https://opengameart.org/content/lpc-expanded-hats-facial-helmets" 
"hat/headband/thick/adult/walk.png","" ,"JaidynReiman" ,"OGA-BY 3.0+,CC-BY 3.0+,GPL 3.0" ,"https://opengameart.org/content/lpc-relm-hair-xlong-ponytail,https://opengameart.org/content/lpc-expanded-hats-facial-helmets" 
"hat/headband/thick/adult/slash.png","" ,"JaidynReiman" ,"OGA-BY 3.0+,CC-BY 3.0+,GPL 3.0" ,"https://opengameart.org/content/lpc-relm-hair-xlong-ponytail,https://opengameart.org/content/lpc-expanded-hats-facial-helmets" 
"hat/headband/thick/adult/shoot.png","" ,"JaidynReiman" ,"OGA-BY 3.0+,CC-BY 3.0+,GPL 3.0" ,"https://opengameart.org/content/lpc-relm-hair-xlong-ponytail,https://opengameart.org/content/lpc-expanded-hats-facial-helmets" 
"hat/headband/thick/adult/hurt.png","" ,"JaidynReiman" ,"OGA-BY 3.0+,CC-BY 3.0+,GPL 3.0" ,"https://opengameart.org/content/lpc-relm-hair-xlong-ponytail,https://opengameart.org/content/lpc-expanded-hats-facial-helmets" 
"hat/headband/thick/adult/idle.png","" ,"JaidynReiman" ,"OGA-BY 3.0+,CC-BY 3.0+,GPL 3.0" ,"https://opengameart.org/content/lpc-relm-hair-xlong-ponytail,https://opengameart.org/content/lpc-expanded-hats-facial-helmets" 
"hat/helmet/barbarian/adult/spellcast.png","original version by bluecarrot16, color reduction by Napsio (Vitruvian Studio)" ,"bluecarrot16,JaidynReiman,Napsio (Vitruvian Studio)" ,"CC-BY 3.0,CC-BY 4.0,OGA-BY 3.0,GPL 2.0,GPL 3.0" ,"https://opengameart.org/content/lpc-helmets,https://opengameart.org/content/lpc-expanded-hats-facial-helmets" 
"hat/helmet/barbarian/adult/thrust.png","original version by bluecarrot16, color reduction by Napsio (Vitruvian Studio)" ,"bluecarrot16,JaidynReiman,Napsio (Vitruvian Studio)" ,"CC-BY 3.0,CC-BY 4.0,OGA-BY 3.0,GPL 2.0,GPL 3.0" ,"https://opengameart.org/content/lpc-helmets,https://opengameart.org/content/lpc-expanded-hats-facial-helmets" 
"hat/helmet/barbarian/adult/walk.png","original version by bluecarrot16, color reduction by Napsio (Vitruvian Studio)" ,"bluecarrot16,JaidynReiman,Napsio (Vitruvian Studio)" ,"CC-BY 3.0,CC-BY 4.0,OGA-BY 3.0,GPL 2.0,GPL 3.0" ,"https://opengameart.org/content/lpc-helmets,https://opengameart.org/content/lpc-expanded-hats-facial-helmets" 
"hat/helmet/barbarian/adult/slash.png","original version by bluecarrot16, color reduction by Napsio (Vitruvian Studio)" ,"bluecarrot16,JaidynReiman,Napsio (Vitruvian Studio)" ,"CC-BY 3.0,CC-BY 4.0,OGA-BY 3.0,GPL 2.0,GPL 3.0" ,"https://opengameart.org/content/lpc-helmets,https://opengameart.org/content/lpc-expanded-hats-facial-helmets" 
"hat/helmet/barbarian/adult/shoot.png","original version by bluecarrot16, color reduction by Napsio (Vitruvian Studio)" ,"bluecarrot16,JaidynReiman,Napsio (Vitruvian Studio)" ,"CC-BY 3.0,CC-BY 4.0,OGA-BY 3.0,GPL 2.0,GPL 3.0" ,"https://opengameart.org/content/lpc-helmets,https://opengameart.org/content/lpc-expanded-hats-facial-helmets" 
"hat/helmet/barbarian/adult/hurt.png","original version by bluecarrot16, color reduction by Napsio (Vitruvian Studio)" ,"bluecarrot16,JaidynReiman,Napsio (Vitruvian Studio)" ,"CC-BY 3.0,CC-BY 4.0,OGA-BY 3.0,GPL 2.0,GPL 3.0" ,"https://opengameart.org/content/lpc-helmets,https://opengameart.org/content/lpc-expanded-hats-facial-helmets" 
"hat/helmet/barbarian/adult/idle.png","original version by bluecarrot16, color reduction by Napsio (Vitruvian Studio)" ,"bluecarrot16,JaidynReiman,Napsio (Vitruvian Studio)" ,"CC-BY 3.0,CC-BY 4.0,OGA-BY 3.0,GPL 2.0,GPL 3.0" ,"https://opengameart.org/content/lpc-helmets,https://opengameart.org/content/lpc-expanded-hats-facial-helmets" 
"hat/helmet/greathelm/male/spellcast.png","" ,"bluecarrot16" ,"OGA-BY 3.0,CC-BY 3.0,CC-BY 4.0,GPL 2.0,GPL 3.0" ,"https://opengameart.org/content/lpc-helmets,https://opengameart.org/content/lpc-expanded-hats-facial-helmets" 
"hat/helmet/greathelm/female/spellcast.png","" ,"bluecarrot16" ,"OGA-BY 3.0,CC-BY 3.0,CC-BY 4.0,GPL 2.0,GPL 3.0" ,"https://opengameart.org/content/lpc-helmets,https://opengameart.org/content/lpc-expanded-hats-facial-helmets" 
"hat/helmet/greathelm/male/thrust.png","" ,"bluecarrot16" ,"OGA-BY 3.0,CC-BY 3.0,CC-BY 4.0,GPL 2.0,GPL 3.0" ,"https://opengameart.org/content/lpc-helmets,https://opengameart.org/content/lpc-expanded-hats-facial-helmets" 
"hat/helmet/greathelm/female/thrust.png","" ,"bluecarrot16" ,"OGA-BY 3.0,CC-BY 3.0,CC-BY 4.0,GPL 2.0,GPL 3.0" ,"https://opengameart.org/content/lpc-helmets,https://opengameart.org/content/lpc-expanded-hats-facial-helmets" 
"hat/helmet/greathelm/male/walk.png","" ,"bluecarrot16" ,"OGA-BY 3.0,CC-BY 3.0,CC-BY 4.0,GPL 2.0,GPL 3.0" ,"https://opengameart.org/content/lpc-helmets,https://opengameart.org/content/lpc-expanded-hats-facial-helmets" 
"hat/helmet/greathelm/female/walk.png","" ,"bluecarrot16" ,"OGA-BY 3.0,CC-BY 3.0,CC-BY 4.0,GPL 2.0,GPL 3.0" ,"https://opengameart.org/content/lpc-helmets,https://opengameart.org/content/lpc-expanded-hats-facial-helmets" 
"hat/helmet/greathelm/male/slash.png","" ,"bluecarrot16" ,"OGA-BY 3.0,CC-BY 3.0,CC-BY 4.0,GPL 2.0,GPL 3.0" ,"https://opengameart.org/content/lpc-helmets,https://opengameart.org/content/lpc-expanded-hats-facial-helmets" 
"hat/helmet/greathelm/female/slash.png","" ,"bluecarrot16" ,"OGA-BY 3.0,CC-BY 3.0,CC-BY 4.0,GPL 2.0,GPL 3.0" ,"https://opengameart.org/content/lpc-helmets,https://opengameart.org/content/lpc-expanded-hats-facial-helmets" 
"hat/helmet/greathelm/male/shoot.png","" ,"bluecarrot16" ,"OGA-BY 3.0,CC-BY 3.0,CC-BY 4.0,GPL 2.0,GPL 3.0" ,"https://opengameart.org/content/lpc-helmets,https://opengameart.org/content/lpc-expanded-hats-facial-helmets" 
"hat/helmet/greathelm/female/shoot.png","" ,"bluecarrot16" ,"OGA-BY 3.0,CC-BY 3.0,CC-BY 4.0,GPL 2.0,GPL 3.0" ,"https://opengameart.org/content/lpc-helmets,https://opengameart.org/content/lpc-expanded-hats-facial-helmets" 
"hat/helmet/greathelm/male/hurt.png","" ,"bluecarrot16" ,"OGA-BY 3.0,CC-BY 3.0,CC-BY 4.0,GPL 2.0,GPL 3.0" ,"https://opengameart.org/content/lpc-helmets,https://opengameart.org/content/lpc-expanded-hats-facial-helmets" 
"hat/helmet/greathelm/female/hurt.png","" ,"bluecarrot16" ,"OGA-BY 3.0,CC-BY 3.0,CC-BY 4.0,GPL 2.0,GPL 3.0" ,"https://opengameart.org/content/lpc-helmets,https://opengameart.org/content/lpc-expanded-hats-facial-helmets" 
"hat/helmet/greathelm/male/idle.png","" ,"bluecarrot16" ,"OGA-BY 3.0,CC-BY 3.0,CC-BY 4.0,GPL 2.0,GPL 3.0" ,"https://opengameart.org/content/lpc-helmets,https://opengameart.org/content/lpc-expanded-hats-facial-helmets" 
"hat/helmet/greathelm/female/idle.png","" ,"bluecarrot16" ,"OGA-BY 3.0,CC-BY 3.0,CC-BY 4.0,GPL 2.0,GPL 3.0" ,"https://opengameart.org/content/lpc-helmets,https://opengameart.org/content/lpc-expanded-hats-facial-helmets" 
"hat/helmet/horned/adult/spellcast.png","" ,"bluecarrot16,Shaun Williams,Matthew Krohn (makrohn),Johannes Sjölund (wulax),Sander Frenken (castelonia)" ,"CC-BY-SA 3.0,GPL 3.0" ,"https://opengameart.org/content/lpc-medieval-fantasy-character-sprites,https://opengameart.org/content/lpc-full-plate-golden-armor,https://opengameart.org/content/lpc-full-plate-golden-armor-0,https://opengameart.org/content/lpc-helmets-mega-pack,https://opengameart.org/content/lpc-expanded-hats-facial-helmets" 
"hat/helmet/horned/adult/thrust.png","" ,"bluecarrot16,Shaun Williams,Matthew Krohn (makrohn),Johannes Sjölund (wulax),Sander Frenken (castelonia)" ,"CC-BY-SA 3.0,GPL 3.0" ,"https://opengameart.org/content/lpc-medieval-fantasy-character-sprites,https://opengameart.org/content/lpc-full-plate-golden-armor,https://opengameart.org/content/lpc-full-plate-golden-armor-0,https://opengameart.org/content/lpc-helmets-mega-pack,https://opengameart.org/content/lpc-expanded-hats-facial-helmets" 
"hat/helmet/horned/adult/walk.png","" ,"bluecarrot16,Shaun Williams,Matthew Krohn (makrohn),Johannes Sjölund (wulax),Sander Frenken (castelonia)" ,"CC-BY-SA 3.0,GPL 3.0" ,"https://opengameart.org/content/lpc-medieval-fantasy-character-sprites,https://opengameart.org/content/lpc-full-plate-golden-armor,https://opengameart.org/content/lpc-full-plate-golden-armor-0,https://opengameart.org/content/lpc-helmets-mega-pack,https://opengameart.org/content/lpc-expanded-hats-facial-helmets" 
"hat/helmet/horned/adult/slash.png","" ,"bluecarrot16,Shaun Williams,Matthew Krohn (makrohn),Johannes Sjölund (wulax),Sander Frenken (castelonia)" ,"CC-BY-SA 3.0,GPL 3.0" ,"https://opengameart.org/content/lpc-medieval-fantasy-character-sprites,https://opengameart.org/content/lpc-full-plate-golden-armor,https://opengameart.org/content/lpc-full-plate-golden-armor-0,https://opengameart.org/content/lpc-helmets-mega-pack,https://opengameart.org/content/lpc-expanded-hats-facial-helmets" 
"hat/helmet/horned/adult/shoot.png","" ,"bluecarrot16,Shaun Williams,Matthew Krohn (makrohn),Johannes Sjölund (wulax),Sander Frenken (castelonia)" ,"CC-BY-SA 3.0,GPL 3.0" ,"https://opengameart.org/content/lpc-medieval-fantasy-character-sprites,https://opengameart.org/content/lpc-full-plate-golden-armor,https://opengameart.org/content/lpc-full-plate-golden-armor-0,https://opengameart.org/content/lpc-helmets-mega-pack,https://opengameart.org/content/lpc-expanded-hats-facial-helmets" 
"hat/helmet/horned/adult/hurt.png","" ,"bluecarrot16,Shaun Williams,Matthew Krohn (makrohn),Johannes Sjölund (wulax),Sander Frenken (castelonia)" ,"CC-BY-SA 3.0,GPL 3.0" ,"https://opengameart.org/content/lpc-medieval-fantasy-character-sprites,https://opengameart.org/content/lpc-full-plate-golden-armor,https://opengameart.org/content/lpc-full-plate-golden-armor-0,https://opengameart.org/content/lpc-helmets-mega-pack,https://opengameart.org/content/lpc-expanded-hats-facial-helmets" 
"hat/helmet/horned/adult/idle.png","" ,"bluecarrot16,Shaun Williams,Matthew Krohn (makrohn),Johannes Sjölund (wulax),Sander Frenken (castelonia)" ,"CC-BY-SA 3.0,GPL 3.0" ,"https://opengameart.org/content/lpc-medieval-fantasy-character-sprites,https://opengameart.org/content/lpc-full-plate-golden-armor,https://opengameart.org/content/lpc-full-plate-golden-armor-0,https://opengameart.org/content/lpc-helmets-mega-pack,https://opengameart.org/content/lpc-expanded-hats-facial-helmets" 
"hat/helmet/kettle/adult/spellcast.png","previously referred to as chain-hat, color reduction by Napsio (Vitruvian Studio)" ,"Johannes Sjölund (wulax),JaidynReiman,Napsio (Vitruvian Studio)" ,"OGA-BY 3.0,CC-BY-SA 3.0,GPL 3.0" ,"https://opengameart.org/content/lpc-medieval-fantasy-character-sprites,https://opengameart.org/content/lpc-expanded-hats-facial-helmets" 
"hat/helmet/kettle/adult/thrust.png","previously referred to as chain-hat, color reduction by Napsio (Vitruvian Studio)" ,"Johannes Sjölund (wulax),JaidynReiman,Napsio (Vitruvian Studio)" ,"OGA-BY 3.0,CC-BY-SA 3.0,GPL 3.0" ,"https://opengameart.org/content/lpc-medieval-fantasy-character-sprites,https://opengameart.org/content/lpc-expanded-hats-facial-helmets" 
"hat/helmet/kettle/adult/walk.png","previously referred to as chain-hat, color reduction by Napsio (Vitruvian Studio)" ,"Johannes Sjölund (wulax),JaidynReiman,Napsio (Vitruvian Studio)" ,"OGA-BY 3.0,CC-BY-SA 3.0,GPL 3.0" ,"https://opengameart.org/content/lpc-medieval-fantasy-character-sprites,https://opengameart.org/content/lpc-expanded-hats-facial-helmets" 
"hat/helmet/kettle/adult/slash.png","previously referred to as chain-hat, color reduction by Napsio (Vitruvian Studio)" ,"Johannes Sjölund (wulax),JaidynReiman,Napsio (Vitruvian Studio)" ,"OGA-BY 3.0,CC-BY-SA 3.0,GPL 3.0" ,"https://opengameart.org/content/lpc-medieval-fantasy-character-sprites,https://opengameart.org/content/lpc-expanded-hats-facial-helmets" 
"hat/helmet/kettle/adult/shoot.png","previously referred to as chain-hat, color reduction by Napsio (Vitruvian Studio)" ,"Johannes Sjölund (wulax),JaidynReiman,Napsio (Vitruvian Studio)" ,"OGA-BY 3.0,CC-BY-SA 3.0,GPL 3.0" ,"https://opengameart.org/content/lpc-medieval-fantasy-character-sprites,https://opengameart.org/content/lpc-expanded-hats-facial-helmets" 
"hat/helmet/kettle/adult/hurt.png","previously referred to as chain-hat, color reduction by Napsio (Vitruvian Studio)" ,"Johannes Sjölund (wulax),JaidynReiman,Napsio (Vitruvian Studio)" ,"OGA-BY 3.0,CC-BY-SA 3.0,GPL 3.0" ,"https://opengameart.org/content/lpc-medieval-fantasy-character-sprites,https://opengameart.org/content/lpc-expanded-hats-facial-helmets" 
"hat/helmet/kettle/adult/idle.png","previously referred to as chain-hat, color reduction by Napsio (Vitruvian Studio)" ,"Johannes Sjölund (wulax),JaidynReiman,Napsio (Vitruvian Studio)" ,"OGA-BY 3.0,CC-BY-SA 3.0,GPL 3.0" ,"https://opengameart.org/content/lpc-medieval-fantasy-character-sprites,https://opengameart.org/content/lpc-expanded-hats-facial-helmets" 
"hat/helmet/nasal/adult/spellcast.png","" ,"bluecarrot16" ,"CC-BY 3.0,CC-BY 4.0,OGA-BY 3.0,GPL 2.0,GPL 3.0" ,"https://opengameart.org/content/lpc-helmets,https://opengameart.org/content/lpc-expanded-hats-facial-helmets" 
"hat/helmet/nasal/adult/thrust.png","" ,"bluecarrot16" ,"CC-BY 3.0,CC-BY 4.0,OGA-BY 3.0,GPL 2.0,GPL 3.0" ,"https://opengameart.org/content/lpc-helmets,https://opengameart.org/content/lpc-expanded-hats-facial-helmets" 
"hat/helmet/nasal/adult/walk.png","" ,"bluecarrot16" ,"CC-BY 3.0,CC-BY 4.0,OGA-BY 3.0,GPL 2.0,GPL 3.0" ,"https://opengameart.org/content/lpc-helmets,https://opengameart.org/content/lpc-expanded-hats-facial-helmets" 
"hat/helmet/nasal/adult/slash.png","" ,"bluecarrot16" ,"CC-BY 3.0,CC-BY 4.0,OGA-BY 3.0,GPL 2.0,GPL 3.0" ,"https://opengameart.org/content/lpc-helmets,https://opengameart.org/content/lpc-expanded-hats-facial-helmets" 
"hat/helmet/nasal/adult/shoot.png","" ,"bluecarrot16" ,"CC-BY 3.0,CC-BY 4.0,OGA-BY 3.0,GPL 2.0,GPL 3.0" ,"https://opengameart.org/content/lpc-helmets,https://opengameart.org/content/lpc-expanded-hats-facial-helmets" 
"hat/helmet/nasal/adult/hurt.png","" ,"bluecarrot16" ,"CC-BY 3.0,CC-BY 4.0,OGA-BY 3.0,GPL 2.0,GPL 3.0" ,"https://opengameart.org/content/lpc-helmets,https://opengameart.org/content/lpc-expanded-hats-facial-helmets" 
"hat/helmet/nasal/adult/idle.png","" ,"bluecarrot16" ,"CC-BY 3.0,CC-BY 4.0,OGA-BY 3.0,GPL 2.0,GPL 3.0" ,"https://opengameart.org/content/lpc-helmets,https://opengameart.org/content/lpc-expanded-hats-facial-helmets" 
"torso/chainmail/male/spellcast.png","minor edits by bluecarrot16, reduced colors by Napsio, adjusted Male colors and Idle/Sit/Emote/Climb/Run by JaidynReiman" ,"Johannes Sjölund (wulax),Napsio (Vitruvian Studio),JaidynReiman" ,"OGA-BY 3.0,CC-BY-SA 3.0,GPL 3.0" ,"https://opengameart.org/content/lpc-medieval-fantasy-character-sprites" 
"torso/chainmail/female/spellcast.png","minor edits by bluecarrot16, reduced colors by Napsio, adjusted Male colors and Idle/Sit/Emote/Climb/Run by JaidynReiman" ,"Johannes Sjölund (wulax),Napsio (Vitruvian Studio),JaidynReiman" ,"OGA-BY 3.0,CC-BY-SA 3.0,GPL 3.0" ,"https://opengameart.org/content/lpc-medieval-fantasy-character-sprites" 
"torso/chainmail/male/thrust.png","minor edits by bluecarrot16, reduced colors by Napsio, adjusted Male colors and Idle/Sit/Emote/Climb/Run by JaidynReiman" ,"Johannes Sjölund (wulax),Napsio (Vitruvian Studio),JaidynReiman" ,"OGA-BY 3.0,CC-BY-SA 3.0,GPL 3.0" ,"https://opengameart.org/content/lpc-medieval-fantasy-character-sprites" 
"torso/chainmail/female/thrust.png","minor edits by bluecarrot16, reduced colors by Napsio, adjusted Male colors and Idle/Sit/Emote/Climb/Run by JaidynReiman" ,"Johannes Sjölund (wulax),Napsio (Vitruvian Studio),JaidynReiman" ,"OGA-BY 3.0,CC-BY-SA 3.0,GPL 3.0" ,"https://opengameart.org/content/lpc-medieval-fantasy-character-sprites" 
"torso/chainmail/male/walk.png","minor edits by bluecarrot16, reduced colors by Napsio, adjusted Male colors and Idle/Sit/Emote/Climb/Run by JaidynReiman" ,"Johannes Sjölund (wulax),Napsio (Vitruvian Studio),JaidynReiman" ,"OGA-BY 3.0,CC-BY-SA 3.0,GPL 3.0" ,"https://opengameart.org/content/lpc-medieval-fantasy-character-sprites" 
"torso/chainmail/female/walk.png","minor edits by bluecarrot16, reduced colors by Napsio, adjusted Male colors and Idle/Sit/Emote/Climb/Run by JaidynReiman" ,"Johannes Sjölund (wulax),Napsio (Vitruvian Studio),JaidynReiman" ,"OGA-BY 3.0,CC-BY-SA 3.0,GPL 3.0" ,"https://opengameart.org/content/lpc-medieval-fantasy-character-sprites" 
"torso/chainmail/male/slash.png","minor edits by bluecarrot16, reduced colors by Napsio, adjusted Male colors and Idle/Sit/Emote/Climb/Run by JaidynReiman" ,"Johannes Sjölund (wulax),Napsio (Vitruvian Studio),JaidynReiman" ,"OGA-BY 3.0,CC-BY-SA 3.0,GPL 3.0" ,"https://opengameart.org/content/lpc-medieval-fantasy-character-sprites" 
"torso/chainmail/female/slash.png","minor edits by bluecarrot16, reduced colors by Napsio, adjusted Male colors and Idle/Sit/Emote/Climb/Run by JaidynReiman" ,"Johannes Sjölund (wulax),Napsio (Vitruvian Studio),JaidynReiman" ,"OGA-BY 3.0,CC-BY-SA 3.0,GPL 3.0" ,"https://opengameart.org/content/lpc-medieval-fantasy-character-sprites" 
"torso/chainmail/male/shoot.png","minor edits by bluecarrot16, reduced colors by Napsio, adjusted Male colors and Idle/Sit/Emote/Climb/Run by JaidynReiman" ,"Johannes Sjölund (wulax),Napsio (Vitruvian Studio),JaidynReiman" ,"OGA-BY 3.0,CC-BY-SA 3.0,GPL 3.0" ,"https://opengameart.org/content/lpc-medieval-fantasy-character-sprites" 
"torso/chainmail/female/shoot.png","minor edits by bluecarrot16, reduced colors by Napsio, adjusted Male colors and Idle/Sit/Emote/Climb/Run by JaidynReiman" ,"Johannes Sjölund (wulax),Napsio (Vitruvian Studio),JaidynReiman" ,"OGA-BY 3.0,CC-BY-SA 3.0,GPL 3.0" ,"https://opengameart.org/content/lpc-medieval-fantasy-character-sprites" 
"torso/chainmail/male/hurt.png","minor edits by bluecarrot16, reduced colors by Napsio, adjusted Male colors and Idle/Sit/Emote/Climb/Run by JaidynReiman" ,"Johannes Sjölund (wulax),Napsio (Vitruvian Studio),JaidynReiman" ,"OGA-BY 3.0,CC-BY-SA 3.0,GPL 3.0" ,"https://opengameart.org/content/lpc-medieval-fantasy-character-sprites" 
"torso/chainmail/female/hurt.png","minor edits by bluecarrot16, reduced colors by Napsio, adjusted Male colors and Idle/Sit/Emote/Climb/Run by JaidynReiman" ,"Johannes Sjölund (wulax),Napsio (Vitruvian Studio),JaidynReiman" ,"OGA-BY 3.0,CC-BY-SA 3.0,GPL 3.0" ,"https://opengameart.org/content/lpc-medieval-fantasy-character-sprites" 
"torso/chainmail/male/idle.png","minor edits by bluecarrot16, reduced colors by Napsio, adjusted Male colors and Idle/Sit/Emote/Climb/Run by JaidynReiman" ,"Johannes Sjölund (wulax),Napsio (Vitruvian Studio),JaidynReiman" ,"OGA-BY 3.0,CC-BY-SA 3.0,GPL 3.0" ,"https://opengameart.org/content/lpc-medieval-fantasy-character-sprites" 
"torso/chainmail/female/idle.png","minor edits by bluecarrot16, reduced colors by Napsio, adjusted Male colors and Idle/Sit/Emote/Climb/Run by JaidynReiman" ,"Johannes Sjölund (wulax),Napsio (Vitruvian Studio),JaidynReiman" ,"OGA-BY 3.0,CC-BY-SA 3.0,GPL 3.0" ,"https://opengameart.org/content/lpc-medieval-fantasy-character-sprites" 
"torso/clothes/longsleeve/longsleeve/male/spellcast.png","original by wulax; tweaks and further recolors by bluecarrot16; cleanup and climb/jump/run/sit/emote/revised combat adapted from LPC Revised by JaidynReiman" ,"JaidynReiman,Johannes Sjölund (wulax)" ,"OGA-BY 3.0,CC-BY-SA 3.0,GPL 3.0" ,"https://opengameart.org/content/lpc-medieval-fantasy-character-sprites,http://opengameart.org/content/lpc-clothing-updates,https://opengameart.org/content/lpc-revised-character-basics,https://github.com/ElizaWy/LPC/tree/main/Characters/Clothing,https://opengameart.org/content/lpc-expanded-sit-run-jump-more,https://opengameart.org/content/lpc-expanded-simple-shirts" 
"torso/clothes/longsleeve/longsleeve/female/spellcast.png","original by ElizaWy, edited to v3 bases by bluecarrot16; cleanup and climb/jump/run/sit/emote/revised combat adapted from LPC Revised by JaidynReiman" ,"bluecarrot16,ElizaWy,JaidynReiman,Stephen Challener (Redshrike)" ,"OGA-BY 3.0,CC-BY-SA 3.0,GPL 3.0" ,"https://opengameart.org/content/liberated-pixel-cup-lpc-base-assets-sprites-map-tiles,https://opengameart.org/content/lpc-7-womens-shirts,http://opengameart.org/content/lpc-clothing-updates,https://opengameart.org/content/lpc-revised-character-basics,https://github.com/ElizaWy/LPC/tree/main/Characters/Clothing,https://opengameart.org/content/lpc-expanded-sit-run-jump-more,https://opengameart.org/content/lpc-expanded-simple-shirts" 
"torso/clothes/longsleeve/longsleeve/male/thrust.png","original by wulax; tweaks and further recolors by bluecarrot16; cleanup and climb/jump/run/sit/emote/revised combat adapted from LPC Revised by JaidynReiman" ,"JaidynReiman,Johannes Sjölund (wulax)" ,"OGA-BY 3.0,CC-BY-SA 3.0,GPL 3.0" ,"https://opengameart.org/content/lpc-medieval-fantasy-character-sprites,http://opengameart.org/content/lpc-clothing-updates,https://opengameart.org/content/lpc-revised-character-basics,https://github.com/ElizaWy/LPC/tree/main/Characters/Clothing,https://opengameart.org/content/lpc-expanded-sit-run-jump-more,https://opengameart.org/content/lpc-expanded-simple-shirts" 
"torso/clothes/longsleeve/longsleeve/female/thrust.png","original by ElizaWy, edited to v3 bases by bluecarrot16; cleanup and climb/jump/run/sit/emote/revised combat adapted from LPC Revised by JaidynReiman" ,"bluecarrot16,ElizaWy,JaidynReiman,Stephen Challener (Redshrike)" ,"OGA-BY 3.0,CC-BY-SA 3.0,GPL 3.0" ,"https://opengameart.org/content/liberated-pixel-cup-lpc-base-assets-sprites-map-tiles,https://opengameart.org/content/lpc-7-womens-shirts,http://opengameart.org/content/lpc-clothing-updates,https://opengameart.org/content/lpc-revised-character-basics,https://github.com/ElizaWy/LPC/tree/main/Characters/Clothing,https://opengameart.org/content/lpc-expanded-sit-run-jump-more,https://opengameart.org/content/lpc-expanded-simple-shirts" 
"torso/clothes/longsleeve/longsleeve/male/walk.png","original by wulax; tweaks and further recolors by bluecarrot16; cleanup and climb/jump/run/sit/emote/revised combat adapted from LPC Revised by JaidynReiman" ,"JaidynReiman,Johannes Sjölund (wulax)" ,"OGA-BY 3.0,CC-BY-SA 3.0,GPL 3.0" ,"https://opengameart.org/content/lpc-medieval-fantasy-character-sprites,http://opengameart.org/content/lpc-clothing-updates,https://opengameart.org/content/lpc-revised-character-basics,https://github.com/ElizaWy/LPC/tree/main/Characters/Clothing,https://opengameart.org/content/lpc-expanded-sit-run-jump-more,https://opengameart.org/content/lpc-expanded-simple-shirts" 
"torso/clothes/longsleeve/longsleeve/female/walk.png","original by ElizaWy, edited to v3 bases by bluecarrot16; cleanup and climb/jump/run/sit/emote/revised combat adapted from LPC Revised by JaidynReiman" ,"bluecarrot16,ElizaWy,JaidynReiman,Stephen Challener (Redshrike)" ,"OGA-BY 3.0,CC-BY-SA 3.0,GPL 3.0" ,"https://opengameart.org/content/liberated-pixel-cup-lpc-base-assets-sprites-map-tiles,https://opengameart.org/content/lpc-7-womens-shirts,http://opengameart.org/content/lpc-clothing-updates,https://opengameart.org/content/lpc-revised-character-basics,https://github.com/ElizaWy/LPC/tree/main/Characters/Clothing,https://opengameart.org/content/lpc-expanded-sit-run-jump-more,https://opengameart.org/content/lpc-expanded-simple-shirts" 
"torso/clothes/longsleeve/longsleeve/male/slash.png","original by wulax; tweaks and further recolors by bluecarrot16; cleanup and climb/jump/run/sit/emote/revised combat adapted from LPC Revised by JaidynReiman" ,"JaidynReiman,Johannes Sjölund (wulax)" ,"OGA-BY 3.0,CC-BY-SA 3.0,GPL 3.0" ,"https://opengameart.org/content/lpc-medieval-fantasy-character-sprites,http://opengameart.org/content/lpc-clothing-updates,https://opengameart.org/content/lpc-revised-character-basics,https://github.com/ElizaWy/LPC/tree/main/Characters/Clothing,https://opengameart.org/content/lpc-expanded-sit-run-jump-more,https://opengameart.org/content/lpc-expanded-simple-shirts" 
"torso/clothes/longsleeve/longsleeve/female/slash.png","original by ElizaWy, edited to v3 bases by bluecarrot16; cleanup and climb/jump/run/sit/emote/revised combat adapted from LPC Revised by JaidynReiman" ,"bluecarrot16,ElizaWy,JaidynReiman,Stephen Challener (Redshrike)" ,"OGA-BY 3.0,CC-BY-SA 3.0,GPL 3.0" ,"https://opengameart.org/content/liberated-pixel-cup-lpc-base-assets-sprites-map-tiles,https://opengameart.org/content/lpc-7-womens-shirts,http://opengameart.org/content/lpc-clothing-updates,https://opengameart.org/content/lpc-revised-character-basics,https://github.com/ElizaWy/LPC/tree/main/Characters/Clothing,https://opengameart.org/content/lpc-expanded-sit-run-jump-more,https://opengameart.org/content/lpc-expanded-simple-shirts" 
"torso/clothes/longsleeve/longsleeve/male/shoot.png","original by wulax; tweaks and further recolors by bluecarrot16; cleanup and climb/jump/run/sit/emote/revised combat adapted from LPC Revised by JaidynReiman" ,"JaidynReiman,Johannes Sjölund (wulax)" ,"OGA-BY 3.0,CC-BY-SA 3.0,GPL 3.0" ,"https://opengameart.org/content/lpc-medieval-fantasy-character-sprites,http://opengameart.org/content/lpc-clothing-updates,https://opengameart.org/content/lpc-revised-character-basics,https://github.com/ElizaWy/LPC/tree/main/Characters/Clothing,https://opengameart.org/content/lpc-expanded-sit-run-jump-more,https://opengameart.org/content/lpc-expanded-simple-shirts" 
"torso/clothes/longsleeve/longsleeve/female/shoot.png","original by ElizaWy, edited to v3 bases by bluecarrot16; cleanup and climb/jump/run/sit/emote/revised combat adapted from LPC Revised by JaidynReiman" ,"bluecarrot16,ElizaWy,JaidynReiman,Stephen Challener (Redshrike)" ,"OGA-BY 3.0,CC-BY-SA 3.0,GPL 3.0" ,"https://opengameart.org/content/liberated-pixel-cup-lpc-base-assets-sprites-map-tiles,https://opengameart.org/content/lpc-7-womens-shirts,http://opengameart.org/content/lpc-clothing-updates,https://opengameart.org/content/lpc-revised-character-basics,https://github.com/ElizaWy/LPC/tree/main/Characters/Clothing,https://opengameart.org/content/lpc-expanded-sit-run-jump-more,https://opengameart.org/content/lpc-expanded-simple-shirts" 
"torso/clothes/longsleeve/longsleeve/male/hurt.png","original by wulax; tweaks and further recolors by bluecarrot16; cleanup and climb/jump/run/sit/emote/revised combat adapted from LPC Revised by JaidynReiman" ,"JaidynReiman,Johannes Sjölund (wulax)" ,"OGA-BY 3.0,CC-BY-SA 3.0,GPL 3.0" ,"https://opengameart.org/content/lpc-medieval-fantasy-character-sprites,http://opengameart.org/content/lpc-clothing-updates,https://opengameart.org/content/lpc-revised-character-basics,https://github.com/ElizaWy/LPC/tree/main/Characters/Clothing,https://opengameart.org/content/lpc-expanded-sit-run-jump-more,https://opengameart.org/content/lpc-expanded-simple-shirts" 
"torso/clothes/longsleeve/longsleeve/female/hurt.png","original by ElizaWy, edited to v3 bases by bluecarrot16; cleanup and climb/jump/run/sit/emote/revised combat adapted from LPC Revised by JaidynReiman" ,"bluecarrot16,ElizaWy,JaidynReiman,Stephen Challener (Redshrike)" ,"OGA-BY 3.0,CC-BY-SA 3.0,GPL 3.0" ,"https://opengameart.org/content/liberated-pixel-cup-lpc-base-assets-sprites-map-tiles,https://opengameart.org/content/lpc-7-womens-shirts,http://opengameart.org/content/lpc-clothing-updates,https://opengameart.org/content/lpc-revised-character-basics,https://github.com/ElizaWy/LPC/tree/main/Characters/Clothing,https://opengameart.org/content/lpc-expanded-sit-run-jump-more,https://opengameart.org/content/lpc-expanded-simple-shirts" 
"torso/clothes/longsleeve/longsleeve/male/idle.png","original by wulax; tweaks and further recolors by bluecarrot16; cleanup and climb/jump/run/sit/emote/revised combat adapted from LPC Revised by JaidynReiman" ,"JaidynReiman,Johannes Sjölund (wulax)" ,"OGA-BY 3.0,CC-BY-SA 3.0,GPL 3.0" ,"https://opengameart.org/content/lpc-medieval-fantasy-character-sprites,http://opengameart.org/content/lpc-clothing-updates,https://opengameart.org/content/lpc-revised-character-basics,https://github.com/ElizaWy/LPC/tree/main/Characters/Clothing,https://opengameart.org/content/lpc-expanded-sit-run-jump-more,https://opengameart.org/content/lpc-expanded-simple-shirts" 
"torso/clothes/longsleeve/longsleeve/female/idle.png","original by ElizaWy, edited to v3 bases by bluecarrot16; cleanup and climb/jump/run/sit/emote/revised combat adapted from LPC Revised by JaidynReiman" ,"bluecarrot16,ElizaWy,JaidynReiman,Stephen Challener (Redshrike)" ,"OGA-BY 3.0,CC-BY-SA 3.0,GPL 3.0" ,"https://opengameart.org/content/liberated-pixel-cup-lpc-base-assets-sprites-map-tiles,https://opengameart.org/content/lpc-7-womens-shirts,http://opengameart.org/content/lpc-clothing-updates,https://opengameart.org/content/lpc-revised-character-basics,https://github.com/ElizaWy/LPC/tree/main/Characters/Clothing,https://opengameart.org/content/lpc-expanded-sit-run-jump-more,https://opengameart.org/content/lpc-expanded-simple-shirts" 
"torso/clothes/longsleeve/longsleeve2_buttoned/male/spellcast.png","original by ElizaWy; spellcast/thrust/shoot/hurt/male adapted from original by JaidynReiman" ,"ElizaWy,JaidynReiman,Stephen Challener (Redshrike),Johannes Sjölund (wulax)" ,"OGA-BY 3.0" ,"http://opengameart.org/content/lpc-revised-character-basics,https://github.com/ElizaWy/LPC/tree/main/Characters/Clothing,https://opengameart.org/content/lpc-expanded-sit-run-jump-more,https://opengameart.org/content/lpc-expanded-simple-shirts" 
"torso/clothes/longsleeve/longsleeve2_buttoned/female/spellcast.png","original by ElizaWy; spellcast/thrust/shoot/hurt/male adapted from original by JaidynReiman" ,"ElizaWy,JaidynReiman,Stephen Challener (Redshrike),Johannes Sjölund (wulax)" ,"OGA-BY 3.0" ,"http://opengameart.org/content/lpc-revised-character-basics,https://github.com/ElizaWy/LPC/tree/main/Characters/Clothing,https://opengameart.org/content/lpc-expanded-sit-run-jump-more,https://opengameart.org/content/lpc-expanded-simple-shirts" 
"torso/clothes/longsleeve/longsleeve2_buttoned/male/thrust.png","original by ElizaWy; spellcast/thrust/shoot/hurt/male adapted from original by JaidynReiman" ,"ElizaWy,JaidynReiman,Stephen Challener (Redshrike),Johannes Sjölund (wulax)" ,"OGA-BY 3.0" ,"http://opengameart.org/content/lpc-revised-character-basics,https://github.com/ElizaWy/LPC/tree/main/Characters/Clothing,https://opengameart.org/content/lpc-expanded-sit-run-jump-more,https://opengameart.org/content/lpc-expanded-simple-shirts" 
"torso/clothes/longsleeve/longsleeve2_buttoned/female/thrust.png","original by ElizaWy; spellcast/thrust/shoot/hurt/male adapted from original by JaidynReiman" ,"ElizaWy,JaidynReiman,Stephen Challener (Redshrike),Johannes Sjölund (wulax)" ,"OGA-BY 3.0" ,"http://opengameart.org/content/lpc-revised-character-basics,https://github.com/ElizaWy/LPC/tree/main/Characters/Clothing,https://opengameart.org/content/lpc-expanded-sit-run-jump-more,https://opengameart.org/content/lpc-expanded-simple-shirts" 
"torso/clothes/longsleeve/longsleeve2_buttoned/male/walk.png","original by ElizaWy; spellcast/thrust/shoot/hurt/male adapted from original by JaidynReiman" ,"ElizaWy,JaidynReiman,Stephen Challener (Redshrike),Johannes Sjölund (wulax)" ,"OGA-BY 3.0" ,"http://opengameart.org/content/lpc-revised-character-basics,https://github.com/ElizaWy/LPC/tree/main/Characters/Clothing,https://opengameart.org/content/lpc-expanded-sit-run-jump-more,https://opengameart.org/content/lpc-expanded-simple-shirts" 
"torso/clothes/longsleeve/longsleeve2_buttoned/female/walk.png","original by ElizaWy; spellcast/thrust/shoot/hurt/male adapted from original by JaidynReiman" ,"ElizaWy,JaidynReiman,Stephen Challener (Redshrike),Johannes Sjölund (wulax)" ,"OGA-BY 3.0" ,"http://opengameart.org/content/lpc-revised-character-basics,https://github.com/ElizaWy/LPC/tree/main/Characters/Clothing,https://opengameart.org/content/lpc-expanded-sit-run-jump-more,https://opengameart.org/content/lpc-expanded-simple-shirts" 
"torso/clothes/longsleeve/longsleeve2_buttoned/male/slash.png","original by ElizaWy; spellcast/thrust/shoot/hurt/male adapted from original by JaidynReiman" ,"ElizaWy,JaidynReiman,Stephen Challener (Redshrike),Johannes Sjölund (wulax)" ,"OGA-BY 3.0" ,"http://opengameart.org/content/lpc-revised-character-basics,https://github.com/ElizaWy/LPC/tree/main/Characters/Clothing,https://opengameart.org/content/lpc-expanded-sit-run-jump-more,https://opengameart.org/content/lpc-expanded-simple-shirts" 
"torso/clothes/longsleeve/longsleeve2_buttoned/female/slash.png","original by ElizaWy; spellcast/thrust/shoot/hurt/male adapted from original by JaidynReiman" ,"ElizaWy,JaidynReiman,Stephen Challener (Redshrike),Johannes Sjölund (wulax)" ,"OGA-BY 3.0" ,"http://opengameart.org/content/lpc-revised-character-basics,https://github.com/ElizaWy/LPC/tree/main/Characters/Clothing,https://opengameart.org/content/lpc-expanded-sit-run-jump-more,https://opengameart.org/content/lpc-expanded-simple-shirts" 
"torso/clothes/longsleeve/longsleeve2_buttoned/male/shoot.png","original by ElizaWy; spellcast/thrust/shoot/hurt/male adapted from original by JaidynReiman" ,"ElizaWy,JaidynReiman,Stephen Challener (Redshrike),Johannes Sjölund (wulax)" ,"OGA-BY 3.0" ,"http://opengameart.org/content/lpc-revised-character-basics,https://github.com/ElizaWy/LPC/tree/main/Characters/Clothing,https://opengameart.org/content/lpc-expanded-sit-run-jump-more,https://opengameart.org/content/lpc-expanded-simple-shirts" 
"torso/clothes/longsleeve/longsleeve2_buttoned/female/shoot.png","original by ElizaWy; spellcast/thrust/shoot/hurt/male adapted from original by JaidynReiman" ,"ElizaWy,JaidynReiman,Stephen Challener (Redshrike),Johannes Sjölund (wulax)" ,"OGA-BY 3.0" ,"http://opengameart.org/content/lpc-revised-character-basics,https://github.com/ElizaWy/LPC/tree/main/Characters/Clothing,https://opengameart.org/content/lpc-expanded-sit-run-jump-more,https://opengameart.org/content/lpc-expanded-simple-shirts" 
"torso/clothes/longsleeve/longsleeve2_buttoned/male/hurt.png","original by ElizaWy; spellcast/thrust/shoot/hurt/male adapted from original by JaidynReiman" ,"ElizaWy,JaidynReiman,Stephen Challener (Redshrike),Johannes Sjölund (wulax)" ,"OGA-BY 3.0" ,"http://opengameart.org/content/lpc-revised-character-basics,https://github.com/ElizaWy/LPC/tree/main/Characters/Clothing,https://opengameart.org/content/lpc-expanded-sit-run-jump-more,https://opengameart.org/content/lpc-expanded-simple-shirts" 
"torso/clothes/longsleeve/longsleeve2_buttoned/female/hurt.png","original by ElizaWy; spellcast/thrust/shoot/hurt/male adapted from original by JaidynReiman" ,"ElizaWy,JaidynReiman,Stephen Challener (Redshrike),Johannes Sjölund (wulax)" ,"OGA-BY 3.0" ,"http://opengameart.org/content/lpc-revised-character-basics,https://github.com/ElizaWy/LPC/tree/main/Characters/Clothing,https://opengameart.org/content/lpc-expanded-sit-run-jump-more,https://opengameart.org/content/lpc-expanded-simple-shirts" 
"torso/clothes/longsleeve/longsleeve2_buttoned/male/idle.png","original by ElizaWy; spellcast/thrust/shoot/hurt/male adapted from original by JaidynReiman" ,"ElizaWy,JaidynReiman,Stephen Challener (Redshrike),Johannes Sjölund (wulax)" ,"OGA-BY 3.0" ,"http://opengameart.org/content/lpc-revised-character-basics,https://github.com/ElizaWy/LPC/tree/main/Characters/Clothing,https://opengameart.org/content/lpc-expanded-sit-run-jump-more,https://opengameart.org/content/lpc-expanded-simple-shirts" 
"torso/clothes/longsleeve/longsleeve2_buttoned/female/idle.png","original by ElizaWy; spellcast/thrust/shoot/hurt/male adapted from original by JaidynReiman" ,"ElizaWy,JaidynReiman,Stephen Challener (Redshrike),Johannes Sjölund (wulax)" ,"OGA-BY 3.0" ,"http://opengameart.org/content/lpc-revised-character-basics,https://github.com/ElizaWy/LPC/tree/main/Characters/Clothing,https://opengameart.org/content/lpc-expanded-sit-run-jump-more,https://opengameart.org/content/lpc-expanded-simple-shirts" 
"torso/clothes/longsleeve/longsleeve2_cardigan/male/spellcast.png","original by ElizaWy; spellcast/thrust/shoot/hurt/male adapted from original by JaidynReiman" ,"ElizaWy,JaidynReiman,Stephen Challener (Redshrike),Johannes Sjölund (wulax)" ,"OGA-BY 3.0" ,"http://opengameart.org/content/lpc-revised-character-basics,https://github.com/ElizaWy/LPC/tree/main/Characters/Clothing,https://opengameart.org/content/lpc-expanded-sit-run-jump-more,https://opengameart.org/content/lpc-expanded-simple-shirts" 
"torso/clothes/longsleeve/longsleeve2_cardigan/female/spellcast.png","original by ElizaWy; spellcast/thrust/shoot/hurt/male adapted from original by JaidynReiman" ,"ElizaWy,JaidynReiman,Stephen Challener (Redshrike),Johannes Sjölund (wulax)" ,"OGA-BY 3.0" ,"http://opengameart.org/content/lpc-revised-character-basics,https://github.com/ElizaWy/LPC/tree/main/Characters/Clothing,https://opengameart.org/content/lpc-expanded-sit-run-jump-more,https://opengameart.org/content/lpc-expanded-simple-shirts" 
"torso/clothes/longsleeve/longsleeve2_cardigan/male/thrust.png","original by ElizaWy; spellcast/thrust/shoot/hurt/male adapted from original by JaidynReiman" ,"ElizaWy,JaidynReiman,Stephen Challener (Redshrike),Johannes Sjölund (wulax)" ,"OGA-BY 3.0" ,"http://opengameart.org/content/lpc-revised-character-basics,https://github.com/ElizaWy/LPC/tree/main/Characters/Clothing,https://opengameart.org/content/lpc-expanded-sit-run-jump-more,https://opengameart.org/content/lpc-expanded-simple-shirts" 
"torso/clothes/longsleeve/longsleeve2_cardigan/female/thrust.png","original by ElizaWy; spellcast/thrust/shoot/hurt/male adapted from original by JaidynReiman" ,"ElizaWy,JaidynReiman,Stephen Challener (Redshrike),Johannes Sjölund (wulax)" ,"OGA-BY 3.0" ,"http://opengameart.org/content/lpc-revised-character-basics,https://github.com/ElizaWy/LPC/tree/main/Characters/Clothing,https://opengameart.org/content/lpc-expanded-sit-run-jump-more,https://opengameart.org/content/lpc-expanded-simple-shirts" 
"torso/clothes/longsleeve/longsleeve2_cardigan/male/walk.png","original by ElizaWy; spellcast/thrust/shoot/hurt/male adapted from original by JaidynReiman" ,"ElizaWy,JaidynReiman,Stephen Challener (Redshrike),Johannes Sjölund (wulax)" ,"OGA-BY 3.0" ,"http://opengameart.org/content/lpc-revised-character-basics,https://github.com/ElizaWy/LPC/tree/main/Characters/Clothing,https://opengameart.org/content/lpc-expanded-sit-run-jump-more,https://opengameart.org/content/lpc-expanded-simple-shirts" 
"torso/clothes/longsleeve/longsleeve2_cardigan/female/walk.png","original by ElizaWy; spellcast/thrust/shoot/hurt/male adapted from original by JaidynReiman" ,"ElizaWy,JaidynReiman,Stephen Challener (Redshrike),Johannes Sjölund (wulax)" ,"OGA-BY 3.0" ,"http://opengameart.org/content/lpc-revised-character-basics,https://github.com/ElizaWy/LPC/tree/main/Characters/Clothing,https://opengameart.org/content/lpc-expanded-sit-run-jump-more,https://opengameart.org/content/lpc-expanded-simple-shirts" 
"torso/clothes/longsleeve/longsleeve2_cardigan/male/slash.png","original by ElizaWy; spellcast/thrust/shoot/hurt/male adapted from original by JaidynReiman" ,"ElizaWy,JaidynReiman,Stephen Challener (Redshrike),Johannes Sjölund (wulax)" ,"OGA-BY 3.0" ,"http://opengameart.org/content/lpc-revised-character-basics,https://github.com/ElizaWy/LPC/tree/main/Characters/Clothing,https://opengameart.org/content/lpc-expanded-sit-run-jump-more,https://opengameart.org/content/lpc-expanded-simple-shirts" 
"torso/clothes/longsleeve/longsleeve2_cardigan/female/slash.png","original by ElizaWy; spellcast/thrust/shoot/hurt/male adapted from original by JaidynReiman" ,"ElizaWy,JaidynReiman,Stephen Challener (Redshrike),Johannes Sjölund (wulax)" ,"OGA-BY 3.0" ,"http://opengameart.org/content/lpc-revised-character-basics,https://github.com/ElizaWy/LPC/tree/main/Characters/Clothing,https://opengameart.org/content/lpc-expanded-sit-run-jump-more,https://opengameart.org/content/lpc-expanded-simple-shirts" 
"torso/clothes/longsleeve/longsleeve2_cardigan/male/shoot.png","original by ElizaWy; spellcast/thrust/shoot/hurt/male adapted from original by JaidynReiman" ,"ElizaWy,JaidynReiman,Stephen Challener (Redshrike),Johannes Sjölund (wulax)" ,"OGA-BY 3.0" ,"http://opengameart.org/content/lpc-revised-character-basics,https://github.com/ElizaWy/LPC/tree/main/Characters/Clothing,https://opengameart.org/content/lpc-expanded-sit-run-jump-more,https://opengameart.org/content/lpc-expanded-simple-shirts" 
"torso/clothes/longsleeve/longsleeve2_cardigan/female/shoot.png","original by ElizaWy; spellcast/thrust/shoot/hurt/male adapted from original by JaidynReiman" ,"ElizaWy,JaidynReiman,Stephen Challener (Redshrike),Johannes Sjölund (wulax)" ,"OGA-BY 3.0" ,"http://opengameart.org/content/lpc-revised-character-basics,https://github.com/ElizaWy/LPC/tree/main/Characters/Clothing,https://opengameart.org/content/lpc-expanded-sit-run-jump-more,https://opengameart.org/content/lpc-expanded-simple-shirts" 
"torso/clothes/longsleeve/longsleeve2_cardigan/male/hurt.png","original by ElizaWy; spellcast/thrust/shoot/hurt/male adapted from original by JaidynReiman" ,"ElizaWy,JaidynReiman,Stephen Challener (Redshrike),Johannes Sjölund (wulax)" ,"OGA-BY 3.0" ,"http://opengameart.org/content/lpc-revised-character-basics,https://github.com/ElizaWy/LPC/tree/main/Characters/Clothing,https://opengameart.org/content/lpc-expanded-sit-run-jump-more,https://opengameart.org/content/lpc-expanded-simple-shirts" 
"torso/clothes/longsleeve/longsleeve2_cardigan/female/hurt.png","original by ElizaWy; spellcast/thrust/shoot/hurt/male adapted from original by JaidynReiman" ,"ElizaWy,JaidynReiman,Stephen Challener (Redshrike),Johannes Sjölund (wulax)" ,"OGA-BY 3.0" ,"http://opengameart.org/content/lpc-revised-character-basics,https://github.com/ElizaWy/LPC/tree/main/Characters/Clothing,https://opengameart.org/content/lpc-expanded-sit-run-jump-more,https://opengameart.org/content/lpc-expanded-simple-shirts" 
"torso/clothes/longsleeve/longsleeve2_cardigan/male/idle.png","original by ElizaWy; spellcast/thrust/shoot/hurt/male adapted from original by JaidynReiman" ,"ElizaWy,JaidynReiman,Stephen Challener (Redshrike),Johannes Sjölund (wulax)" ,"OGA-BY 3.0" ,"http://opengameart.org/content/lpc-revised-character-basics,https://github.com/ElizaWy/LPC/tree/main/Characters/Clothing,https://opengameart.org/content/lpc-expanded-sit-run-jump-more,https://opengameart.org/content/lpc-expanded-simple-shirts" 
"torso/clothes/longsleeve/longsleeve2_cardigan/female/idle.png","original by ElizaWy; spellcast/thrust/shoot/hurt/male adapted from original by JaidynReiman" ,"ElizaWy,JaidynReiman,Stephen Challener (Redshrike),Johannes Sjölund (wulax)" ,"OGA-BY 3.0" ,"http://opengameart.org/content/lpc-revised-character-basics,https://github.com/ElizaWy/LPC/tree/main/Characters/Clothing,https://opengameart.org/content/lpc-expanded-sit-run-jump-more,https://opengameart.org/content/lpc-expanded-simple-shirts" 
"torso/clothes/shortsleeve/shortsleeve/male/spellcast.png","original by ElizaWy walkcycle only; extended to all animations by adapting from longsleeve, edited to v3 bases by bluecarrot16; cleanup and climb/jump/run/sit/emote/revised combat adapted from LPC Revised by JaidynReiman" ,"bluecarrot16,ElizaWy,JaidynReiman,Stephen Challener (Redshrike)" ,"OGA-BY 3.0,CC-BY-SA 3.0,GPL 3.0" ,"https://opengameart.org/content/liberated-pixel-cup-lpc-base-assets-sprites-map-tiles,http://opengameart.org/content/lpc-revised-character-basics,http://opengameart.org/content/lpc-clothing-updates,https://github.com/ElizaWy/LPC/tree/main/Characters/Clothing,https://opengameart.org/content/lpc-expanded-sit-run-jump-more,https://opengameart.org/content/lpc-expanded-simple-shirts" 
"torso/clothes/shortsleeve/shortsleeve/female/spellcast.png","original by ElizaWy walkcycle only; extended to all animations by adapting from longsleeve, edited to v3 bases by bluecarrot16; cleanup and climb/jump/run/sit/emote/revised combat adapted from LPC Revised by JaidynReiman" ,"bluecarrot16,ElizaWy,JaidynReiman,Stephen Challener (Redshrike)" ,"OGA-BY 3.0,CC-BY-SA 3.0,GPL 3.0" ,"https://opengameart.org/content/liberated-pixel-cup-lpc-base-assets-sprites-map-tiles,https://opengameart.org/content/lpc-7-womens-shirts,http://opengameart.org/content/lpc-revised-character-basics,http://opengameart.org/content/lpc-clothing-updates,https://github.com/ElizaWy/LPC/tree/main/Characters/Clothing,https://opengameart.org/content/lpc-expanded-sit-run-jump-more,https://opengameart.org/content/lpc-expanded-simple-shirts" 
"torso/clothes/shortsleeve/shortsleeve/male/thrust.png","original by ElizaWy walkcycle only; extended to all animations by adapting from longsleeve, edited to v3 bases by bluecarrot16; cleanup and climb/jump/run/sit/emote/revised combat adapted from LPC Revised by JaidynReiman" ,"bluecarrot16,ElizaWy,JaidynReiman,Stephen Challener (Redshrike)" ,"OGA-BY 3.0,CC-BY-SA 3.0,GPL 3.0" ,"https://opengameart.org/content/liberated-pixel-cup-lpc-base-assets-sprites-map-tiles,http://opengameart.org/content/lpc-revised-character-basics,http://opengameart.org/content/lpc-clothing-updates,https://github.com/ElizaWy/LPC/tree/main/Characters/Clothing,https://opengameart.org/content/lpc-expanded-sit-run-jump-more,https://opengameart.org/content/lpc-expanded-simple-shirts" 
"torso/clothes/shortsleeve/shortsleeve/female/thrust.png","original by ElizaWy walkcycle only; extended to all animations by adapting from longsleeve, edited to v3 bases by bluecarrot16; cleanup and climb/jump/run/sit/emote/revised combat adapted from LPC Revised by JaidynReiman" ,"bluecarrot16,ElizaWy,JaidynReiman,Stephen Challener (Redshrike)" ,"OGA-BY 3.0,CC-BY-SA 3.0,GPL 3.0" ,"https://opengameart.org/content/liberated-pixel-cup-lpc-base-assets-sprites-map-tiles,https://opengameart.org/content/lpc-7-womens-shirts,http://opengameart.org/content/lpc-revised-character-basics,http://opengameart.org/content/lpc-clothing-updates,https://github.com/ElizaWy/LPC/tree/main/Characters/Clothing,https://opengameart.org/content/lpc-expanded-sit-run-jump-more,https://opengameart.org/content/lpc-expanded-simple-shirts" 
"torso/clothes/shortsleeve/shortsleeve/male/walk.png","original by ElizaWy walkcycle only; extended to all animations by adapting from longsleeve, edited to v3 bases by bluecarrot16; cleanup and climb/jump/run/sit/emote/revised combat adapted from LPC Revised by JaidynReiman" ,"bluecarrot16,ElizaWy,JaidynReiman,Stephen Challener (Redshrike)" ,"OGA-BY 3.0,CC-BY-SA 3.0,GPL 3.0" ,"https://opengameart.org/content/liberated-pixel-cup-lpc-base-assets-sprites-map-tiles,http://opengameart.org/content/lpc-revised-character-basics,http://opengameart.org/content/lpc-clothing-updates,https://github.com/ElizaWy/LPC/tree/main/Characters/Clothing,https://opengameart.org/content/lpc-expanded-sit-run-jump-more,https://opengameart.org/content/lpc-expanded-simple-shirts" 
"torso/clothes/shortsleeve/shortsleeve/female/walk.png","original by ElizaWy walkcycle only; extended to all animations by adapting from longsleeve, edited to v3 bases by bluecarrot16; cleanup and climb/jump/run/sit/emote/revised combat adapted from LPC Revised by JaidynReiman" ,"bluecarrot16,ElizaWy,JaidynReiman,Stephen Challener (Redshrike)" ,"OGA-BY 3.0,CC-BY-SA 3.0,GPL 3.0" ,"https://opengameart.org/content/liberated-pixel-cup-lpc-base-assets-sprites-map-tiles,https://opengameart.org/content/lpc-7-womens-shirts,http://opengameart.org/content/lpc-revised-character-basics,http://opengameart.org/content/lpc-clothing-updates,https://github.com/ElizaWy/LPC/tree/main/Characters/Clothing,https://opengameart.org/content/lpc-expanded-sit-run-jump-more,https://opengameart.org/content/lpc-expanded-simple-shirts" 
"torso/clothes/shortsleeve/shortsleeve/male/slash.png","original by ElizaWy walkcycle only; extended to all animations by adapting from longsleeve, edited to v3 bases by bluecarrot16; cleanup and climb/jump/run/sit/emote/revised combat adapted from LPC Revised by JaidynReiman" ,"bluecarrot16,ElizaWy,JaidynReiman,Stephen Challener (Redshrike)" ,"OGA-BY 3.0,CC-BY-SA 3.0,GPL 3.0" ,"https://opengameart.org/content/liberated-pixel-cup-lpc-base-assets-sprites-map-tiles,http://opengameart.org/content/lpc-revised-character-basics,http://opengameart.org/content/lpc-clothing-updates,https://github.com/ElizaWy/LPC/tree/main/Characters/Clothing,https://opengameart.org/content/lpc-expanded-sit-run-jump-more,https://opengameart.org/content/lpc-expanded-simple-shirts" 
"torso/clothes/shortsleeve/shortsleeve/female/slash.png","original by ElizaWy walkcycle only; extended to all animations by adapting from longsleeve, edited to v3 bases by bluecarrot16; cleanup and climb/jump/run/sit/emote/revised combat adapted from LPC Revised by JaidynReiman" ,"bluecarrot16,ElizaWy,JaidynReiman,Stephen Challener (Redshrike)" ,"OGA-BY 3.0,CC-BY-SA 3.0,GPL 3.0" ,"https://opengameart.org/content/liberated-pixel-cup-lpc-base-assets-sprites-map-tiles,https://opengameart.org/content/lpc-7-womens-shirts,http://opengameart.org/content/lpc-revised-character-basics,http://opengameart.org/content/lpc-clothing-updates,https://github.com/ElizaWy/LPC/tree/main/Characters/Clothing,https://opengameart.org/content/lpc-expanded-sit-run-jump-more,https://opengameart.org/content/lpc-expanded-simple-shirts" 
"torso/clothes/shortsleeve/shortsleeve/male/shoot.png","original by ElizaWy walkcycle only; extended to all animations by adapting from longsleeve, edited to v3 bases by bluecarrot16; cleanup and climb/jump/run/sit/emote/revised combat adapted from LPC Revised by JaidynReiman" ,"bluecarrot16,ElizaWy,JaidynReiman,Stephen Challener (Redshrike)" ,"OGA-BY 3.0,CC-BY-SA 3.0,GPL 3.0" ,"https://opengameart.org/content/liberated-pixel-cup-lpc-base-assets-sprites-map-tiles,http://opengameart.org/content/lpc-revised-character-basics,http://opengameart.org/content/lpc-clothing-updates,https://github.com/ElizaWy/LPC/tree/main/Characters/Clothing,https://opengameart.org/content/lpc-expanded-sit-run-jump-more,https://opengameart.org/content/lpc-expanded-simple-shirts" 
"torso/clothes/shortsleeve/shortsleeve/female/shoot.png","original by ElizaWy walkcycle only; extended to all animations by adapting from longsleeve, edited to v3 bases by bluecarrot16; cleanup and climb/jump/run/sit/emote/revised combat adapted from LPC Revised by JaidynReiman" ,"bluecarrot16,ElizaWy,JaidynReiman,Stephen Challener (Redshrike)" ,"OGA-BY 3.0,CC-BY-SA 3.0,GPL 3.0" ,"https://opengameart.org/content/liberated-pixel-cup-lpc-base-assets-sprites-map-tiles,https://opengameart.org/content/lpc-7-womens-shirts,http://opengameart.org/content/lpc-revised-character-basics,http://opengameart.org/content/lpc-clothing-updates,https://github.com/ElizaWy/LPC/tree/main/Characters/Clothing,https://opengameart.org/content/lpc-expanded-sit-run-jump-more,https://opengameart.org/content/lpc-expanded-simple-shirts" 
"torso/clothes/shortsleeve/shortsleeve/male/hurt.png","original by ElizaWy walkcycle only; extended to all animations by adapting from longsleeve, edited to v3 bases by bluecarrot16; cleanup and climb/jump/run/sit/emote/revised combat adapted from LPC Revised by JaidynReiman" ,"bluecarrot16,ElizaWy,JaidynReiman,Stephen Challener (Redshrike)" ,"OGA-BY 3.0,CC-BY-SA 3.0,GPL 3.0" ,"https://opengameart.org/content/liberated-pixel-cup-lpc-base-assets-sprites-map-tiles,http://opengameart.org/content/lpc-revised-character-basics,http://opengameart.org/content/lpc-clothing-updates,https://github.com/ElizaWy/LPC/tree/main/Characters/Clothing,https://opengameart.org/content/lpc-expanded-sit-run-jump-more,https://opengameart.org/content/lpc-expanded-simple-shirts" 
"torso/clothes/shortsleeve/shortsleeve/female/hurt.png","original by ElizaWy walkcycle only; extended to all animations by adapting from longsleeve, edited to v3 bases by bluecarrot16; cleanup and climb/jump/run/sit/emote/revised combat adapted from LPC Revised by JaidynReiman" ,"bluecarrot16,ElizaWy,JaidynReiman,Stephen Challener (Redshrike)" ,"OGA-BY 3.0,CC-BY-SA 3.0,GPL 3.0" ,"https://opengameart.org/content/liberated-pixel-cup-lpc-base-assets-sprites-map-tiles,https://opengameart.org/content/lpc-7-womens-shirts,http://opengameart.org/content/lpc-revised-character-basics,http://opengameart.org/content/lpc-clothing-updates,https://github.com/ElizaWy/LPC/tree/main/Characters/Clothing,https://opengameart.org/content/lpc-expanded-sit-run-jump-more,https://opengameart.org/content/lpc-expanded-simple-shirts" 
"torso/clothes/shortsleeve/shortsleeve/male/idle.png","original by ElizaWy walkcycle only; extended to all animations by adapting from longsleeve, edited to v3 bases by bluecarrot16; cleanup and climb/jump/run/sit/emote/revised combat adapted from LPC Revised by JaidynReiman" ,"bluecarrot16,ElizaWy,JaidynReiman,Stephen Challener (Redshrike)" ,"OGA-BY 3.0,CC-BY-SA 3.0,GPL 3.0" ,"https://opengameart.org/content/liberated-pixel-cup-lpc-base-assets-sprites-map-tiles,http://opengameart.org/content/lpc-revised-character-basics,http://opengameart.org/content/lpc-clothing-updates,https://github.com/ElizaWy/LPC/tree/main/Characters/Clothing,https://opengameart.org/content/lpc-expanded-sit-run-jump-more,https://opengameart.org/content/lpc-expanded-simple-shirts" 
"torso/clothes/shortsleeve/shortsleeve/female/idle.png","original by ElizaWy walkcycle only; extended to all animations by adapting from longsleeve, edited to v3 bases by bluecarrot16; cleanup and climb/jump/run/sit/emote/revised combat adapted from LPC Revised by JaidynReiman" ,"bluecarrot16,ElizaWy,JaidynReiman,Stephen Challener (Redshrike)" ,"OGA-BY 3.0,CC-BY-SA 3.0,GPL 3.0" ,"https://opengameart.org/content/liberated-pixel-cup-lpc-base-assets-sprites-map-tiles,https://opengameart.org/content/lpc-7-womens-shirts,http://opengameart.org/content/lpc-revised-character-basics,http://opengameart.org/content/lpc-clothing-updates,https://github.com/ElizaWy/LPC/tree/main/Characters/Clothing,https://opengameart.org/content/lpc-expanded-sit-run-jump-more,https://opengameart.org/content/lpc-expanded-simple-shirts" 
"torso/clothes/sleeveless/sleeveless1/male/spellcast.png","original by ElizaWy walkcycle only; extended to all animations by adapting from longsleeve, edited to v3 bases by bluecarrot16; sleeveless variant by JaidynReiman" ,"bluecarrot16,ElizaWy,JaidynReiman,Stephen Challener (Redshrike)" ,"OGA-BY 3.0,CC-BY-SA 3.0,GPL 3.0" ,"https://opengameart.org/content/liberated-pixel-cup-lpc-base-assets-sprites-map-tiles,http://opengameart.org/content/lpc-revised-character-basics,http://opengameart.org/content/lpc-clothing-updates,https://github.com/ElizaWy/LPC/tree/main/Characters/Clothing,https://opengameart.org/content/lpc-expanded-sit-run-jump-more,https://opengameart.org/content/lpc-expanded-simple-shirts" 
"torso/clothes/sleeveless/sleeveless1/female/spellcast.png","original by ElizaWy walkcycle only; extended to all animations by adapting from longsleeve, edited to v3 bases by bluecarrot16; sleeveless variant by JaidynReiman" ,"bluecarrot16,ElizaWy,JaidynReiman,Stephen Challener (Redshrike)" ,"OGA-BY 3.0,CC-BY-SA 3.0,GPL 3.0" ,"https://opengameart.org/content/liberated-pixel-cup-lpc-base-assets-sprites-map-tiles,https://opengameart.org/content/lpc-7-womens-shirts,http://opengameart.org/content/lpc-revised-character-basics,http://opengameart.org/content/lpc-clothing-updates,https://github.com/ElizaWy/LPC/tree/main/Characters/Clothing,https://opengameart.org/content/lpc-expanded-sit-run-jump-more,https://opengameart.org/content/lpc-expanded-simple-shirts" 
"torso/clothes/sleeveless/sleeveless1/male/thrust.png","original by ElizaWy walkcycle only; extended to all animations by adapting from longsleeve, edited to v3 bases by bluecarrot16; sleeveless variant by JaidynReiman" ,"bluecarrot16,ElizaWy,JaidynReiman,Stephen Challener (Redshrike)" ,"OGA-BY 3.0,CC-BY-SA 3.0,GPL 3.0" ,"https://opengameart.org/content/liberated-pixel-cup-lpc-base-assets-sprites-map-tiles,http://opengameart.org/content/lpc-revised-character-basics,http://opengameart.org/content/lpc-clothing-updates,https://github.com/ElizaWy/LPC/tree/main/Characters/Clothing,https://opengameart.org/content/lpc-expanded-sit-run-jump-more,https://opengameart.org/content/lpc-expanded-simple-shirts" 
"torso/clothes/sleeveless/sleeveless1/female/thrust.png","original by ElizaWy walkcycle only; extended to all animations by adapting from longsleeve, edited to v3 bases by bluecarrot16; sleeveless variant by JaidynReiman" ,"bluecarrot16,ElizaWy,JaidynReiman,Stephen Challener (Redshrike)" ,"OGA-BY 3.0,CC-BY-SA 3.0,GPL 3.0" ,"https://opengameart.org/content/liberated-pixel-cup-lpc-base-assets-sprites-map-tiles,https://opengameart.org/content/lpc-7-womens-shirts,http://opengameart.org/content/lpc-revised-character-basics,http://opengameart.org/content/lpc-clothing-updates,https://github.com/ElizaWy/LPC/tree/main/Characters/Clothing,https://opengameart.org/content/lpc-expanded-sit-run-jump-more,https://opengameart.org/content/lpc-expanded-simple-shirts" 
"torso/clothes/sleeveless/sleeveless1/male/walk.png","original by ElizaWy walkcycle only; extended to all animations by adapting from longsleeve, edited to v3 bases by bluecarrot16; sleeveless variant by JaidynReiman" ,"bluecarrot16,ElizaWy,JaidynReiman,Stephen Challener (Redshrike)" ,"OGA-BY 3.0,CC-BY-SA 3.0,GPL 3.0" ,"https://opengameart.org/content/liberated-pixel-cup-lpc-base-assets-sprites-map-tiles,http://opengameart.org/content/lpc-revised-character-basics,http://opengameart.org/content/lpc-clothing-updates,https://github.com/ElizaWy/LPC/tree/main/Characters/Clothing,https://opengameart.org/content/lpc-expanded-sit-run-jump-more,https://opengameart.org/content/lpc-expanded-simple-shirts" 
"torso/clothes/sleeveless/sleeveless1/female/walk.png","original by ElizaWy walkcycle only; extended to all animations by adapting from longsleeve, edited to v3 bases by bluecarrot16; sleeveless variant by JaidynReiman" ,"bluecarrot16,ElizaWy,JaidynReiman,Stephen Challener (Redshrike)" ,"OGA-BY 3.0,CC-BY-SA 3.0,GPL 3.0" ,"https://opengameart.org/content/liberated-pixel-cup-lpc-base-assets-sprites-map-tiles,https://opengameart.org/content/lpc-7-womens-shirts,http://opengameart.org/content/lpc-revised-character-basics,http://opengameart.org/content/lpc-clothing-updates,https://github.com/ElizaWy/LPC/tree/main/Characters/Clothing,https://opengameart.org/content/lpc-expanded-sit-run-jump-more,https://opengameart.org/content/lpc-expanded-simple-shirts" 
"torso/clothes/sleeveless/sleeveless1/male/slash.png","original by ElizaWy walkcycle only; extended to all animations by adapting from longsleeve, edited to v3 bases by bluecarrot16; sleeveless variant by JaidynReiman" ,"bluecarrot16,ElizaWy,JaidynReiman,Stephen Challener (Redshrike)" ,"OGA-BY 3.0,CC-BY-SA 3.0,GPL 3.0" ,"https://opengameart.org/content/liberated-pixel-cup-lpc-base-assets-sprites-map-tiles,http://opengameart.org/content/lpc-revised-character-basics,http://opengameart.org/content/lpc-clothing-updates,https://github.com/ElizaWy/LPC/tree/main/Characters/Clothing,https://opengameart.org/content/lpc-expanded-sit-run-jump-more,https://opengameart.org/content/lpc-expanded-simple-shirts" 
"torso/clothes/sleeveless/sleeveless1/female/slash.png","original by ElizaWy walkcycle only; extended to all animations by adapting from longsleeve, edited to v3 bases by bluecarrot16; sleeveless variant by JaidynReiman" ,"bluecarrot16,ElizaWy,JaidynReiman,Stephen Challener (Redshrike)" ,"OGA-BY 3.0,CC-BY-SA 3.0,GPL 3.0" ,"https://opengameart.org/content/liberated-pixel-cup-lpc-base-assets-sprites-map-tiles,https://opengameart.org/content/lpc-7-womens-shirts,http://opengameart.org/content/lpc-revised-character-basics,http://opengameart.org/content/lpc-clothing-updates,https://github.com/ElizaWy/LPC/tree/main/Characters/Clothing,https://opengameart.org/content/lpc-expanded-sit-run-jump-more,https://opengameart.org/content/lpc-expanded-simple-shirts" 
"torso/clothes/sleeveless/sleeveless1/male/shoot.png","original by ElizaWy walkcycle only; extended to all animations by adapting from longsleeve, edited to v3 bases by bluecarrot16; sleeveless variant by JaidynReiman" ,"bluecarrot16,ElizaWy,JaidynReiman,Stephen Challener (Redshrike)" ,"OGA-BY 3.0,CC-BY-SA 3.0,GPL 3.0" ,"https://opengameart.org/content/liberated-pixel-cup-lpc-base-assets-sprites-map-tiles,http://opengameart.org/content/lpc-revised-character-basics,http://opengameart.org/content/lpc-clothing-updates,https://github.com/ElizaWy/LPC/tree/main/Characters/Clothing,https://opengameart.org/content/lpc-expanded-sit-run-jump-more,https://opengameart.org/content/lpc-expanded-simple-shirts" 
"torso/clothes/sleeveless/sleeveless1/female/shoot.png","original by ElizaWy walkcycle only; extended to all animations by adapting from longsleeve, edited to v3 bases by bluecarrot16; sleeveless variant by JaidynReiman" ,"bluecarrot16,ElizaWy,JaidynReiman,Stephen Challener (Redshrike)" ,"OGA-BY 3.0,CC-BY-SA 3.0,GPL 3.0" ,"https://opengameart.org/content/liberated-pixel-cup-lpc-base-assets-sprites-map-tiles,https://opengameart.org/content/lpc-7-womens-shirts,http://opengameart.org/content/lpc-revised-character-basics,http://opengameart.org/content/lpc-clothing-updates,https://github.com/ElizaWy/LPC/tree/main/Characters/Clothing,https://opengameart.org/content/lpc-expanded-sit-run-jump-more,https://opengameart.org/content/lpc-expanded-simple-shirts" 
"torso/clothes/sleeveless/sleeveless1/male/hurt.png","original by ElizaWy walkcycle only; extended to all animations by adapting from longsleeve, edited to v3 bases by bluecarrot16; sleeveless variant by JaidynReiman" ,"bluecarrot16,ElizaWy,JaidynReiman,Stephen Challener (Redshrike)" ,"OGA-BY 3.0,CC-BY-SA 3.0,GPL 3.0" ,"https://opengameart.org/content/liberated-pixel-cup-lpc-base-assets-sprites-map-tiles,http://opengameart.org/content/lpc-revised-character-basics,http://opengameart.org/content/lpc-clothing-updates,https://github.com/ElizaWy/LPC/tree/main/Characters/Clothing,https://opengameart.org/content/lpc-expanded-sit-run-jump-more,https://opengameart.org/content/lpc-expanded-simple-shirts" 
"torso/clothes/sleeveless/sleeveless1/female/hurt.png","original by ElizaWy walkcycle only; extended to all animations by adapting from longsleeve, edited to v3 bases by bluecarrot16; sleeveless variant by JaidynReiman" ,"bluecarrot16,ElizaWy,JaidynReiman,Stephen Challener (Redshrike)" ,"OGA-BY 3.0,CC-BY-SA 3.0,GPL 3.0" ,"https://opengameart.org/content/liberated-pixel-cup-lpc-base-assets-sprites-map-tiles,https://opengameart.org/content/lpc-7-womens-shirts,http://opengameart.org/content/lpc-revised-character-basics,http://opengameart.org/content/lpc-clothing-updates,https://github.com/ElizaWy/LPC/tree/main/Characters/Clothing,https://opengameart.org/content/lpc-expanded-sit-run-jump-more,https://opengameart.org/content/lpc-expanded-simple-shirts" 
"torso/clothes/sleeveless/sleeveless1/male/idle.png","original by ElizaWy walkcycle only; extended to all animations by adapting from longsleeve, edited to v3 bases by bluecarrot16; sleeveless variant by JaidynReiman" ,"bluecarrot16,ElizaWy,JaidynReiman,Stephen Challener (Redshrike)" ,"OGA-BY 3.0,CC-BY-SA 3.0,GPL 3.0" ,"https://opengameart.org/content/liberated-pixel-cup-lpc-base-assets-sprites-map-tiles,http://opengameart.org/content/lpc-revised-character-basics,http://opengameart.org/content/lpc-clothing-updates,https://github.com/ElizaWy/LPC/tree/main/Characters/Clothing,https://opengameart.org/content/lpc-expanded-sit-run-jump-more,https://opengameart.org/content/lpc-expanded-simple-shirts" 
"torso/clothes/sleeveless/sleeveless1/female/idle.png","original by ElizaWy walkcycle only; extended to all animations by adapting from longsleeve, edited to v3 bases by bluecarrot16; sleeveless variant by JaidynReiman" ,"bluecarrot16,ElizaWy,JaidynReiman,Stephen Challener (Redshrike)" ,"OGA-BY 3.0,CC-BY-SA 3.0,GPL 3.0" ,"https://opengameart.org/content/liberated-pixel-cup-lpc-base-assets-sprites-map-tiles,https://opengameart.org/content/lpc-7-womens-shirts,http://opengameart.org/content/lpc-revised-character-basics,http://opengameart.org/content/lpc-clothing-updates,https://github.com/ElizaWy/LPC/tree/main/Characters/Clothing,https://opengameart.org/content/lpc-expanded-sit-run-jump-more,https://opengameart.org/content/lpc-expanded-simple-shirts" 
"torso/armour/leather/male/spellcast.png","adapted to v3 bases by bluecarrot16, reduced colors and climb/emote/jump by JaidynReiman" ,"Johannes Sjölund (wulax),bluecarrot16,JaidynReiman" ,"OGA-BY 3.0,CC-BY-SA 3.0,GPL 3.0" ,"https://opengameart.org/content/lpc-medieval-fantasy-character-sprites,https://opengameart.org/content/lpc-clothing-updates,https://opengameart.org/content/lpc-expanded-armor" 
"torso/armour/leather/female/spellcast.png","recolor of torso/armour/leather/female/brown.png, adapted to v3 bases by bluecarrot16, reduced colors and climb/emote/jump by JaidynReiman" ,"Michael Whitlock (bigbeargames),Matthew Krohn (makrohn),Johannes Sjölund (wulax),bluecarrot16,JaidynReiman" ,"OGA-BY 3.0,CC-BY-SA 3.0,GPL 3.0" ,"https://opengameart.org/content/lpc-medieval-fantasy-character-sprites,https://opengameart.org/content/lpc-combat-armor-for-women,https://opengameart.org/content/lpc-clothing-updates,https://opengameart.org/content/lpc-expanded-armor" 
"torso/armour/leather/male/thrust.png","adapted to v3 bases by bluecarrot16, reduced colors and climb/emote/jump by JaidynReiman" ,"Johannes Sjölund (wulax),bluecarrot16,JaidynReiman" ,"OGA-BY 3.0,CC-BY-SA 3.0,GPL 3.0" ,"https://opengameart.org/content/lpc-medieval-fantasy-character-sprites,https://opengameart.org/content/lpc-clothing-updates,https://opengameart.org/content/lpc-expanded-armor" 
"torso/armour/leather/female/thrust.png","recolor of torso/armour/leather/female/brown.png, adapted to v3 bases by bluecarrot16, reduced colors and climb/emote/jump by JaidynReiman" ,"Michael Whitlock (bigbeargames),Matthew Krohn (makrohn),Johannes Sjölund (wulax),bluecarrot16,JaidynReiman" ,"OGA-BY 3.0,CC-BY-SA 3.0,GPL 3.0" ,"https://opengameart.org/content/lpc-medieval-fantasy-character-sprites,https://opengameart.org/content/lpc-combat-armor-for-women,https://opengameart.org/content/lpc-clothing-updates,https://opengameart.org/content/lpc-expanded-armor" 
"torso/armour/leather/male/walk.png","adapted to v3 bases by bluecarrot16, reduced colors and climb/emote/jump by JaidynReiman" ,"Johannes Sjölund (wulax),bluecarrot16,JaidynReiman" ,"OGA-BY 3.0,CC-BY-SA 3.0,GPL 3.0" ,"https://opengameart.org/content/lpc-medieval-fantasy-character-sprites,https://opengameart.org/content/lpc-clothing-updates,https://opengameart.org/content/lpc-expanded-armor" 
"torso/armour/leather/female/walk.png","recolor of torso/armour/leather/female/brown.png, adapted to v3 bases by bluecarrot16, reduced colors and climb/emote/jump by JaidynReiman" ,"Michael Whitlock (bigbeargames),Matthew Krohn (makrohn),Johannes Sjölund (wulax),bluecarrot16,JaidynReiman" ,"OGA-BY 3.0,CC-BY-SA 3.0,GPL 3.0" ,"https://opengameart.org/content/lpc-medieval-fantasy-character-sprites,https://opengameart.org/content/lpc-combat-armor-for-women,https://opengameart.org/content/lpc-clothing-updates,https://opengameart.org/content/lpc-expanded-armor" 
"torso/armour/leather/male/slash.png","adapted to v3 bases by bluecarrot16, reduced colors and climb/emote/jump by JaidynReiman" ,"Johannes Sjölund (wulax),bluecarrot16,JaidynReiman" ,"OGA-BY 3.0,CC-BY-SA 3.0,GPL 3.0" ,"https://opengameart.org/content/lpc-medieval-fantasy-character-sprites,https://opengameart.org/content/lpc-clothing-updates,https://opengameart.org/content/lpc-expanded-armor" 
"torso/armour/leather/female/slash.png","recolor of torso/armour/leather/female/brown.png, adapted to v3 bases by bluecarrot16, reduced colors and climb/emote/jump by JaidynReiman" ,"Michael Whitlock (bigbeargames),Matthew Krohn (makrohn),Johannes Sjölund (wulax),bluecarrot16,JaidynReiman" ,"OGA-BY 3.0,CC-BY-SA 3.0,GPL 3.0" ,"https://opengameart.org/content/lpc-medieval-fantasy-character-sprites,https://opengameart.org/content/lpc-combat-armor-for-women,https://opengameart.org/content/lpc-clothing-updates,https://opengameart.org/content/lpc-expanded-armor" 
"torso/armour/leather/male/shoot.png","adapted to v3 bases by bluecarrot16, reduced colors and climb/emote/jump by JaidynReiman" ,"Johannes Sjölund (wulax),bluecarrot16,JaidynReiman" ,"OGA-BY 3.0,CC-BY-SA 3.0,GPL 3.0" ,"https://opengameart.org/content/lpc-medieval-fantasy-character-sprites,https://opengameart.org/content/lpc-clothing-updates,https://opengameart.org/content/lpc-expanded-armor" 
"torso/armour/leather/female/shoot.png","recolor of torso/armour/leather/female/brown.png, adapted to v3 bases by bluecarrot16, reduced colors and climb/emote/jump by JaidynReiman" ,"Michael Whitlock (bigbeargames),Matthew Krohn (makrohn),Johannes Sjölund (wulax),bluecarrot16,JaidynReiman" ,"OGA-BY 3.0,CC-BY-SA 3.0,GPL 3.0" ,"https://opengameart.org/content/lpc-medieval-fantasy-character-sprites,https://opengameart.org/content/lpc-combat-armor-for-women,https://opengameart.org/content/lpc-clothing-updates,https://opengameart.org/content/lpc-expanded-armor" 
"torso/armour/leather/male/hurt.png","adapted to v3 bases by bluecarrot16, reduced colors and climb/emote/jump by JaidynReiman" ,"Johannes Sjölund (wulax),bluecarrot16,JaidynReiman" ,"OGA-BY 3.0,CC-BY-SA 3.0,GPL 3.0" ,"https://opengameart.org/content/lpc-medieval-fantasy-character-sprites,https://opengameart.org/content/lpc-clothing-updates,https://opengameart.org/content/lpc-expanded-armor" 
"torso/armour/leather/female/hurt.png","recolor of torso/armour/leather/female/brown.png, adapted to v3 bases by bluecarrot16, reduced colors and climb/emote/jump by JaidynReiman" ,"Michael Whitlock (bigbeargames),Matthew Krohn (makrohn),Johannes Sjölund (wulax),bluecarrot16,JaidynReiman" ,"OGA-BY 3.0,CC-BY-SA 3.0,GPL 3.0" ,"https://opengameart.org/content/lpc-medieval-fantasy-character-sprites,https://opengameart.org/content/lpc-combat-armor-for-women,https://opengameart.org/content/lpc-clothing-updates,https://opengameart.org/content/lpc-expanded-armor" 
"torso/armour/leather/male/idle.png","adapted to v3 bases by bluecarrot16, reduced colors and climb/emote/jump by JaidynReiman" ,"Johannes Sjölund (wulax),bluecarrot16,JaidynReiman" ,"OGA-BY 3.0,CC-BY-SA 3.0,GPL 3.0" ,"https://opengameart.org/content/lpc-medieval-fantasy-character-sprites,https://opengameart.org/content/lpc-clothing-updates,https://opengameart.org/content/lpc-expanded-armor" 
"torso/armour/leather/female/idle.png","recolor of torso/armour/leather/female/brown.png, adapted to v3 bases by bluecarrot16, reduced colors and climb/emote/jump by JaidynReiman" ,"Michael Whitlock (bigbeargames),Matthew Krohn (makrohn),Johannes Sjölund (wulax),bluecarrot16,JaidynReiman" ,"OGA-BY 3.0,CC-BY-SA 3.0,GPL 3.0" ,"https://opengameart.org/content/lpc-medieval-fantasy-character-sprites,https://opengameart.org/content/lpc-combat-armor-for-women,https://opengameart.org/content/lpc-clothing-updates,https://opengameart.org/content/lpc-expanded-armor" 
"torso/armour/legion/male/spellcast.png","adapted to v3 bases by bluecarrot16, jump/run/sit/combat and teen by JaidynReiman, color reduction to 6 colors inspired by Napsio (Vitruvian Studio)" ,"Napsio (Vitruvian Studio),JaidynReiman,bluecarrot16,Nila122" ,"OGA-BY 3.0,CC-BY-SA 3.0,GPL 2.0,GPL 3.0" ,"https://opengameart.org/content/lpc-roman-armor" 
"torso/armour/legion/female/spellcast.png","adapted to v3 bases by bluecarrot16, jump/run/sit/combat and teen by JaidynReiman, color reduction to 6 colors inspired by Napsio (Vitruvian Studio)" ,"Napsio (Vitruvian Studio),JaidynReiman,bluecarrot16,Nila122" ,"OGA-BY 3.0,CC-BY-SA 3.0,GPL 2.0,GPL 3.0" ,"https://opengameart.org/content/lpc-roman-armor" 
"torso/armour/legion/male/thrust.png","adapted to v3 bases by bluecarrot16, jump/run/sit/combat and teen by JaidynReiman, color reduction to 6 colors inspired by Napsio (Vitruvian Studio)" ,"Napsio (Vitruvian Studio),JaidynReiman,bluecarrot16,Nila122" ,"OGA-BY 3.0,CC-BY-SA 3.0,GPL 2.0,GPL 3.0" ,"https://opengameart.org/content/lpc-roman-armor" 
"torso/armour/legion/female/thrust.png","adapted to v3 bases by bluecarrot16, jump/run/sit/combat and teen by JaidynReiman, color reduction to 6 colors inspired by Napsio (Vitruvian Studio)" ,"Napsio (Vitruvian Studio),JaidynReiman,bluecarrot16,Nila122" ,"OGA-BY 3.0,CC-BY-SA 3.0,GPL 2.0,GPL 3.0" ,"https://opengameart.org/content/lpc-roman-armor" 
"torso/armour/legion/male/walk.png","adapted to v3 bases by bluecarrot16, jump/run/sit/combat and teen by JaidynReiman, color reduction to 6 colors inspired by Napsio (Vitruvian Studio)" ,"Napsio (Vitruvian Studio),JaidynReiman,bluecarrot16,Nila122" ,"OGA-BY 3.0,CC-BY-SA 3.0,GPL 2.0,GPL 3.0" ,"https://opengameart.org/content/lpc-roman-armor" 
"torso/armour/legion/female/walk.png","adapted to v3 bases by bluecarrot16, jump/run/sit/combat and teen by JaidynReiman, color reduction to 6 colors inspired by Napsio (Vitruvian Studio)" ,"Napsio (Vitruvian Studio),JaidynReiman,bluecarrot16,Nila122" ,"OGA-BY 3.0,CC-BY-SA 3.0,GPL 2.0,GPL 3.0" ,"https://opengameart.org/content/lpc-roman-armor" 
"torso/armour/legion/male/slash.png","adapted to v3 bases by bluecarrot16, jump/run/sit/combat and teen by JaidynReiman, color reduction to 6 colors inspired by Napsio (Vitruvian Studio)" ,"Napsio (Vitruvian Studio),JaidynReiman,bluecarrot16,Nila122" ,"OGA-BY 3.0,CC-BY-SA 3.0,GPL 2.0,GPL 3.0" ,"https://opengameart.org/content/lpc-roman-armor" 
"torso/armour/legion/female/slash.png","adapted to v3 bases by bluecarrot16, jump/run/sit/combat and teen by JaidynReiman, color reduction to 6 colors inspired by Napsio (Vitruvian Studio)" ,"Napsio (Vitruvian Studio),JaidynReiman,bluecarrot16,Nila122" ,"OGA-BY 3.0,CC-BY-SA 3.0,GPL 2.0,GPL 3.0" ,"https://opengameart.org/content/lpc-roman-armor" 
"torso/armour/legion/male/shoot.png","adapted to v3 bases by bluecarrot16, jump/run/sit/combat and teen by JaidynReiman, color reduction to 6 colors inspired by Napsio (Vitruvian Studio)" ,"Napsio (Vitruvian Studio),JaidynReiman,bluecarrot16,Nila122" ,"OGA-BY 3.0,CC-BY-SA 3.0,GPL 2.0,GPL 3.0" ,"https://opengameart.org/content/lpc-roman-armor" 
"torso/armour/legion/female/shoot.png","adapted to v3 bases by bluecarrot16, jump/run/sit/combat and teen by JaidynReiman, color reduction to 6 colors inspired by Napsio (Vitruvian Studio)" ,"Napsio (Vitruvian Studio),JaidynReiman,bluecarrot16,Nila122" ,"OGA-BY 3.0,CC-BY-SA 3.0,GPL 2.0,GPL 3.0" ,"https://opengameart.org/content/lpc-roman-armor" 
"torso/armour/legion/male/hurt.png","adapted to v3 bases by bluecarrot16, jump/run/sit/combat and teen by JaidynReiman, color reduction to 6 colors inspired by Napsio (Vitruvian Studio)" ,"Napsio (Vitruvian Studio),JaidynReiman,bluecarrot16,Nila122" ,"OGA-BY 3.0,CC-BY-SA 3.0,GPL 2.0,GPL 3.0" ,"https://opengameart.org/content/lpc-roman-armor" 
"torso/armour/legion/female/hurt.png","adapted to v3 bases by bluecarrot16, jump/run/sit/combat and teen by JaidynReiman, color reduction to 6 colors inspired by Napsio (Vitruvian Studio)" ,"Napsio (Vitruvian Studio),JaidynReiman,bluecarrot16,Nila122" ,"OGA-BY 3.0,CC-BY-SA 3.0,GPL 2.0,GPL 3.0" ,"https://opengameart.org/content/lpc-roman-armor" 
"torso/armour/legion/male/idle.png","adapted to v3 bases by bluecarrot16, jump/run/sit/combat and teen by JaidynReiman, color reduction to 6 colors inspired by Napsio (Vitruvian Studio)" ,"Napsio (Vitruvian Studio),JaidynReiman,bluecarrot16,Nila122" ,"OGA-BY 3.0,CC-BY-SA 3.0,GPL 2.0,GPL 3.0" ,"https://opengameart.org/content/lpc-roman-armor" 
"torso/armour/legion/female/idle.png","adapted to v3 bases by bluecarrot16, jump/run/sit/combat and teen by JaidynReiman, color reduction to 6 colors inspired by Napsio (Vitruvian Studio)" ,"Napsio (Vitruvian Studio),JaidynReiman,bluecarrot16,Nila122" ,"OGA-BY 3.0,CC-BY-SA 3.0,GPL 2.0,GPL 3.0" ,"https://opengameart.org/content/lpc-roman-armor" 
"torso/armour/plate/male/spellcast.png","original by wulax, recolor by bigbeargames, color reduced to 7 colors and adapted to v3 bases by bluecarrot16, run/jump/sit/climb/revised combat by JaidynReiman, reduced colors to 6 (based on Napsio's Vitruvian)" ,"Napsio (Vitruvian Studio),JaidynReiman,bluecarrot16,Michael Whitlock (bigbeargames),Johannes Sjölund (wulax)" ,"OGA-BY 3.0,CC-BY-SA 3.0,GPL 3.0" ,"https://opengameart.org/content/lpc-medieval-fantasy-character-sprites,https://opengameart.org/content/lpc-combat-armor-for-women" 
"torso/armour/plate/female/spellcast.png","original by wulax, adapted to female base by makrohn, recolor by bigbeargames, color reduced to 7 colors and adapted to v3 bases by bluecarrot16, run/jump/sit/climb/revised combat by JaidynReiman, reduced colors to 6 (based on Napsio's Vitruvian)" ,"JaidynReiman,bluecarrot16,Michael Whitlock (bigbeargames),Matthew Krohn (makrohn),Johannes Sjölund (wulax)" ,"OGA-BY 3.0,CC-BY-SA 3.0,GPL 3.0" ,"https://opengameart.org/content/lpc-medieval-fantasy-character-sprites,https://opengameart.org/content/lpc-combat-armor-for-women,http://opengameart.org/content/lpc-clothing-updates" 
"torso/armour/plate/male/thrust.png","original by wulax, recolor by bigbeargames, color reduced to 7 colors and adapted to v3 bases by bluecarrot16, run/jump/sit/climb/revised combat by JaidynReiman, reduced colors to 6 (based on Napsio's Vitruvian)" ,"Napsio (Vitruvian Studio),JaidynReiman,bluecarrot16,Michael Whitlock (bigbeargames),Johannes Sjölund (wulax)" ,"OGA-BY 3.0,CC-BY-SA 3.0,GPL 3.0" ,"https://opengameart.org/content/lpc-medieval-fantasy-character-sprites,https://opengameart.org/content/lpc-combat-armor-for-women" 
"torso/armour/plate/female/thrust.png","original by wulax, adapted to female base by makrohn, recolor by bigbeargames, color reduced to 7 colors and adapted to v3 bases by bluecarrot16, run/jump/sit/climb/revised combat by JaidynReiman, reduced colors to 6 (based on Napsio's Vitruvian)" ,"JaidynReiman,bluecarrot16,Michael Whitlock (bigbeargames),Matthew Krohn (makrohn),Johannes Sjölund (wulax)" ,"OGA-BY 3.0,CC-BY-SA 3.0,GPL 3.0" ,"https://opengameart.org/content/lpc-medieval-fantasy-character-sprites,https://opengameart.org/content/lpc-combat-armor-for-women,http://opengameart.org/content/lpc-clothing-updates" 
"torso/armour/plate/male/walk.png","original by wulax, recolor by bigbeargames, color reduced to 7 colors and adapted to v3 bases by bluecarrot16, run/jump/sit/climb/revised combat by JaidynReiman, reduced colors to 6 (based on Napsio's Vitruvian)" ,"Napsio (Vitruvian Studio),JaidynReiman,bluecarrot16,Michael Whitlock (bigbeargames),Johannes Sjölund (wulax)" ,"OGA-BY 3.0,CC-BY-SA 3.0,GPL 3.0" ,"https://opengameart.org/content/lpc-medieval-fantasy-character-sprites,https://opengameart.org/content/lpc-combat-armor-for-women" 
"torso/armour/plate/female/walk.png","original by wulax, adapted to female base by makrohn, recolor by bigbeargames, color reduced to 7 colors and adapted to v3 bases by bluecarrot16, run/jump/sit/climb/revised combat by JaidynReiman, reduced colors to 6 (based on Napsio's Vitruvian)" ,"JaidynReiman,bluecarrot16,Michael Whitlock (bigbeargames),Matthew Krohn (makrohn),Johannes Sjölund (wulax)" ,"OGA-BY 3.0,CC-BY-SA 3.0,GPL 3.0" ,"https://opengameart.org/content/lpc-medieval-fantasy-character-sprites,https://opengameart.org/content/lpc-combat-armor-for-women,http://opengameart.org/content/lpc-clothing-updates" 
"torso/armour/plate/male/slash.png","original by wulax, recolor by bigbeargames, color reduced to 7 colors and adapted to v3 bases by bluecarrot16, run/jump/sit/climb/revised combat by JaidynReiman, reduced colors to 6 (based on Napsio's Vitruvian)" ,"Napsio (Vitruvian Studio),JaidynReiman,bluecarrot16,Michael Whitlock (bigbeargames),Johannes Sjölund (wulax)" ,"OGA-BY 3.0,CC-BY-SA 3.0,GPL 3.0" ,"https://opengameart.org/content/lpc-medieval-fantasy-character-sprites,https://opengameart.org/content/lpc-combat-armor-for-women" 
"torso/armour/plate/female/slash.png","original by wulax, adapted to female base by makrohn, recolor by bigbeargames, color reduced to 7 colors and adapted to v3 bases by bluecarrot16, run/jump/sit/climb/revised combat by JaidynReiman, reduced colors to 6 (based on Napsio's Vitruvian)" ,"JaidynReiman,bluecarrot16,Michael Whitlock (bigbeargames),Matthew Krohn (makrohn),Johannes Sjölund (wulax)" ,"OGA-BY 3.0,CC-BY-SA 3.0,GPL 3.0" ,"https://opengameart.org/content/lpc-medieval-fantasy-character-sprites,https://opengameart.org/content/lpc-combat-armor-for-women,http://opengameart.org/content/lpc-clothing-updates" 
"torso/armour/plate/male/shoot.png","original by wulax, recolor by bigbeargames, color reduced to 7 colors and adapted to v3 bases by bluecarrot16, run/jump/sit/climb/revised combat by JaidynReiman, reduced colors to 6 (based on Napsio's Vitruvian)" ,"Napsio (Vitruvian Studio),JaidynReiman,bluecarrot16,Michael Whitlock (bigbeargames),Johannes Sjölund (wulax)" ,"OGA-BY 3.0,CC-BY-SA 3.0,GPL 3.0" ,"https://opengameart.org/content/lpc-medieval-fantasy-character-sprites,https://opengameart.org/content/lpc-combat-armor-for-women" 
"torso/armour/plate/female/shoot.png","original by wulax, adapted to female base by makrohn, recolor by bigbeargames, color reduced to 7 colors and adapted to v3 bases by bluecarrot16, run/jump/sit/climb/revised combat by JaidynReiman, reduced colors to 6 (based on Napsio's Vitruvian)" ,"JaidynReiman,bluecarrot16,Michael Whitlock (bigbeargames),Matthew Krohn (makrohn),Johannes Sjölund (wulax)" ,"OGA-BY 3.0,CC-BY-SA 3.0,GPL 3.0" ,"https://opengameart.org/content/lpc-medieval-fantasy-character-sprites,https://opengameart.org/content/lpc-combat-armor-for-women,http://opengameart.org/content/lpc-clothing-updates" 
"torso/armour/plate/male/hurt.png","original by wulax, recolor by bigbeargames, color reduced to 7 colors and adapted to v3 bases by bluecarrot16, run/jump/sit/climb/revised combat by JaidynReiman, reduced colors to 6 (based on Napsio's Vitruvian)" ,"Napsio (Vitruvian Studio),JaidynReiman,bluecarrot16,Michael Whitlock (bigbeargames),Johannes Sjölund (wulax)" ,"OGA-BY 3.0,CC-BY-SA 3.0,GPL 3.0" ,"https://opengameart.org/content/lpc-medieval-fantasy-character-sprites,https://opengameart.org/content/lpc-combat-armor-for-women" 
"torso/armour/plate/female/hurt.png","original by wulax, adapted to female base by makrohn, recolor by bigbeargames, color reduced to 7 colors and adapted to v3 bases by bluecarrot16, run/jump/sit/climb/revised combat by JaidynReiman, reduced colors to 6 (based on Napsio's Vitruvian)" ,"JaidynReiman,bluecarrot16,Michael Whitlock (bigbeargames),Matthew Krohn (makrohn),Johannes Sjölund (wulax)" ,"OGA-BY 3.0,CC-BY-SA 3.0,GPL 3.0" ,"https://opengameart.org/content/lpc-medieval-fantasy-character-sprites,https://opengameart.org/content/lpc-combat-armor-for-women,http://opengameart.org/content/lpc-clothing-updates" 
"torso/armour/plate/male/idle.png","original by wulax, recolor by bigbeargames, color reduced to 7 colors and adapted to v3 bases by bluecarrot16, run/jump/sit/climb/revised combat by JaidynReiman, reduced colors to 6 (based on Napsio's Vitruvian)" ,"Napsio (Vitruvian Studio),JaidynReiman,bluecarrot16,Michael Whitlock (bigbeargames),Johannes Sjölund (wulax)" ,"OGA-BY 3.0,CC-BY-SA 3.0,GPL 3.0" ,"https://opengameart.org/content/lpc-medieval-fantasy-character-sprites,https://opengameart.org/content/lpc-combat-armor-for-women" 
"torso/armour/plate/female/idle.png","original by wulax, adapted to female base by makrohn, recolor by bigbeargames, color reduced to 7 colors and adapted to v3 bases by bluecarrot16, run/jump/sit/climb/revised combat by JaidynReiman, reduced colors to 6 (based on Napsio's Vitruvian)" ,"JaidynReiman,bluecarrot16,Michael Whitlock (bigbeargames),Matthew Krohn (makrohn),Johannes Sjölund (wulax)" ,"OGA-BY 3.0,CC-BY-SA 3.0,GPL 3.0" ,"https://opengameart.org/content/lpc-medieval-fantasy-character-sprites,https://opengameart.org/content/lpc-combat-armor-for-women,http://opengameart.org/content/lpc-clothing-updates" 
"cape/solid/fg/spellcast.png","" ,"bluecarrot16,JaidynReiman" ,"OGA-BY 3.0,CC-BY-SA 3.0,GPL 3.0" ,"https://opengameart.org/content/lpc-curly-hair-elven-ears-white-cape-with-blue-trim-and-more,https://opengameart.org/content/lpc-roman-armor,http://opengameart.org/content/lpc-clothing-updates" 
"cape/solid/bg/spellcast.png","" ,"Nila122,JaidynReiman" ,"OGA-BY 3.0,CC-BY-SA 3.0,GPL 3.0" ,"https://opengameart.org/content/lpc-curly-hair-elven-ears-white-cape-with-blue-trim-and-more,https://opengameart.org/content/lpc-roman-armor" 
"cape/solid/fg/thrust.png","" ,"bluecarrot16,JaidynReiman" ,"OGA-BY 3.0,CC-BY-SA 3.0,GPL 3.0" ,"https://opengameart.org/content/lpc-curly-hair-elven-ears-white-cape-with-blue-trim-and-more,https://opengameart.org/content/lpc-roman-armor,http://opengameart.org/content/lpc-clothing-updates" 
"cape/solid/bg/thrust.png","" ,"Nila122,JaidynReiman" ,"OGA-BY 3.0,CC-BY-SA 3.0,GPL 3.0" ,"https://opengameart.org/content/lpc-curly-hair-elven-ears-white-cape-with-blue-trim-and-more,https://opengameart.org/content/lpc-roman-armor" 
"cape/solid/fg/walk.png","" ,"bluecarrot16,JaidynReiman" ,"OGA-BY 3.0,CC-BY-SA 3.0,GPL 3.0" ,"https://opengameart.org/content/lpc-curly-hair-elven-ears-white-cape-with-blue-trim-and-more,https://opengameart.org/content/lpc-roman-armor,http://opengameart.org/content/lpc-clothing-updates" 
"cape/solid/bg/walk.png","" ,"Nila122,JaidynReiman" ,"OGA-BY 3.0,CC-BY-SA 3.0,GPL 3.0" ,"https://opengameart.org/content/lpc-curly-hair-elven-ears-white-cape-with-blue-trim-and-more,https://opengameart.org/content/lpc-roman-armor" 
"cape/solid/fg/slash.png","" ,"bluecarrot16,JaidynReiman" ,"OGA-BY 3.0,CC-BY-SA 3.0,GPL 3.0" ,"https://opengameart.org/content/lpc-curly-hair-elven-ears-white-cape-with-blue-trim-and-more,https://opengameart.org/content/lpc-roman-armor,http://opengameart.org/content/lpc-clothing-updates" 
"cape/solid/bg/slash.png","" ,"Nila122,JaidynReiman" ,"OGA-BY 3.0,CC-BY-SA 3.0,GPL 3.0" ,"https://opengameart.org/content/lpc-curly-hair-elven-ears-white-cape-with-blue-trim-and-more,https://opengameart.org/content/lpc-roman-armor" 
"cape/solid/fg/shoot.png","" ,"bluecarrot16,JaidynReiman" ,"OGA-BY 3.0,CC-BY-SA 3.0,GPL 3.0" ,"https://opengameart.org/content/lpc-curly-hair-elven-ears-white-cape-with-blue-trim-and-more,https://opengameart.org/content/lpc-roman-armor,http://opengameart.org/content/lpc-clothing-updates" 
"cape/solid/bg/shoot.png","" ,"Nila122,JaidynReiman" ,"OGA-BY 3.0,CC-BY-SA 3.0,GPL 3.0" ,"https://opengameart.org/content/lpc-curly-hair-elven-ears-white-cape-with-blue-trim-and-more,https://opengameart.org/content/lpc-roman-armor" 
"cape/solid/fg/hurt.png","" ,"bluecarrot16,JaidynReiman" ,"OGA-BY 3.0,CC-BY-SA 3.0,GPL 3.0" ,"https://opengameart.org/content/lpc-curly-hair-elven-ears-white-cape-with-blue-trim-and-more,https://opengameart.org/content/lpc-roman-armor,http://opengameart.org/content/lpc-clothing-updates" 
"cape/solid/bg/hurt.png","" ,"Nila122,JaidynReiman" ,"OGA-BY 3.0,CC-BY-SA 3.0,GPL 3.0" ,"https://opengameart.org/content/lpc-curly-hair-elven-ears-white-cape-with-blue-trim-and-more,https://opengameart.org/content/lpc-roman-armor" 
"cape/solid/fg/idle.png","" ,"bluecarrot16,JaidynReiman" ,"OGA-BY 3.0,CC-BY-SA 3.0,GPL 3.0" ,"https://opengameart.org/content/lpc-curly-hair-elven-ears-white-cape-with-blue-trim-and-more,https://opengameart.org/content/lpc-roman-armor,http://opengameart.org/content/lpc-clothing-updates" 
"cape/solid/bg/idle.png","" ,"Nila122,JaidynReiman" ,"OGA-BY 3.0,CC-BY-SA 3.0,GPL 3.0" ,"https://opengameart.org/content/lpc-curly-hair-elven-ears-white-cape-with-blue-trim-and-more,https://opengameart.org/content/lpc-roman-armor" 
"cape/tattered/fg/spellcast.png","" ,"Nila122,JaidynReiman" ,"OGA-BY 3.0,CC-BY-SA 3.0,GPL 3.0" ,"https://opengameart.org/content/lpc-curly-hair-elven-ears-white-cape-with-blue-trim-and-more,https://opengameart.org/content/lpc-roman-armor" 
"cape/tattered/bg/spellcast.png","" ,"Nila122,JaidynReiman" ,"OGA-BY 3.0,CC-BY-SA 3.0,GPL 3.0" ,"https://opengameart.org/content/lpc-curly-hair-elven-ears-white-cape-with-blue-trim-and-more,https://opengameart.org/content/lpc-roman-armor" 
"cape/tattered/fg/thrust.png","" ,"Nila122,JaidynReiman" ,"OGA-BY 3.0,CC-BY-SA 3.0,GPL 3.0" ,"https://opengameart.org/content/lpc-curly-hair-elven-ears-white-cape-with-blue-trim-and-more,https://opengameart.org/content/lpc-roman-armor" 
"cape/tattered/bg/thrust.png","" ,"Nila122,JaidynReiman" ,"OGA-BY 3.0,CC-BY-SA 3.0,GPL 3.0" ,"https://opengameart.org/content/lpc-curly-hair-elven-ears-white-cape-with-blue-trim-and-more,https://opengameart.org/content/lpc-roman-armor" 
"cape/tattered/fg/walk.png","" ,"Nila122,JaidynReiman" ,"OGA-BY 3.0,CC-BY-SA 3.0,GPL 3.0" ,"https://opengameart.org/content/lpc-curly-hair-elven-ears-white-cape-with-blue-trim-and-more,https://opengameart.org/content/lpc-roman-armor" 
"cape/tattered/bg/walk.png","" ,"Nila122,JaidynReiman" ,"OGA-BY 3.0,CC-BY-SA 3.0,GPL 3.0" ,"https://opengameart.org/content/lpc-curly-hair-elven-ears-white-cape-with-blue-trim-and-more,https://opengameart.org/content/lpc-roman-armor" 
"cape/tattered/fg/slash.png","" ,"Nila122,JaidynReiman" ,"OGA-BY 3.0,CC-BY-SA 3.0,GPL 3.0" ,"https://opengameart.org/content/lpc-curly-hair-elven-ears-white-cape-with-blue-trim-and-more,https://opengameart.org/content/lpc-roman-armor" 
"cape/tattered/bg/slash.png","" ,"Nila122,JaidynReiman" ,"OGA-BY 3.0,CC-BY-SA 3.0,GPL 3.0" ,"https://opengameart.org/content/lpc-curly-hair-elven-ears-white-cape-with-blue-trim-and-more,https://opengameart.org/content/lpc-roman-armor" 
"cape/tattered/fg/shoot.png","" ,"Nila122,JaidynReiman" ,"OGA-BY 3.0,CC-BY-SA 3.0,GPL 3.0" ,"https://opengameart.org/content/lpc-curly-hair-elven-ears-white-cape-with-blue-trim-and-more,https://opengameart.org/content/lpc-roman-armor" 
"cape/tattered/bg/shoot.png","" ,"Nila122,JaidynReiman" ,"OGA-BY 3.0,CC-BY-SA 3.0,GPL 3.0" ,"https://opengameart.org/content/lpc-curly-hair-elven-ears-white-cape-with-blue-trim-and-more,https://opengameart.org/content/lpc-roman-armor" 
"cape/tattered/fg/hurt.png","" ,"Nila122,JaidynReiman" ,"OGA-BY 3.0,CC-BY-SA 3.0,GPL 3.0" ,"https://opengameart.org/content/lpc-curly-hair-elven-ears-white-cape-with-blue-trim-and-more,https://opengameart.org/content/lpc-roman-armor" 
"cape/tattered/bg/hurt.png","" ,"Nila122,JaidynReiman" ,"OGA-BY 3.0,CC-BY-SA 3.0,GPL 3.0" ,"https://opengameart.org/content/lpc-curly-hair-elven-ears-white-cape-with-blue-trim-and-more,https://opengameart.org/content/lpc-roman-armor" 
"cape/tattered/fg/idle.png","" ,"Nila122,JaidynReiman" ,"OGA-BY 3.0,CC-BY-SA 3.0,GPL 3.0" ,"https://opengameart.org/content/lpc-curly-hair-elven-ears-white-cape-with-blue-trim-and-more,https://opengameart.org/content/lpc-roman-armor" 
"cape/tattered/bg/idle.png","" ,"Nila122,JaidynReiman" ,"OGA-BY 3.0,CC-BY-SA 3.0,GPL 3.0" ,"https://opengameart.org/content/lpc-curly-hair-elven-ears-white-cape-with-blue-trim-and-more,https://opengameart.org/content/lpc-roman-armor" 
"legs/armour/plate/male/spellcast.png","reduced to 7 colors an adapted to v3 bases by bluecarrot16, climb/jump/sit/emote/run by JaidynReiman" ,"bluecarrot16,JaidynReiman,Michael Whitlock (bigbeargames),Matthew Krohn (makrohn),Johannes Sjölund (wulax)" ,"OGA-BY 3.0,CC-BY-SA 3.0,GPL 3.0" ,"https://opengameart.org/content/lpc-medieval-fantasy-character-sprites" 
"legs/armour/plate/thin/spellcast.png","reduced to 7 colors an adapted to v3 bases by bluecarrot16, climb/jump/sit/emote/run by JaidynReiman" ,"bluecarrot16,JaidynReiman,Michael Whitlock (bigbeargames),Matthew Krohn (makrohn),Johannes Sjölund (wulax)" ,"OGA-BY 3.0,CC-BY-SA 3.0,GPL 3.0" ,"https://opengameart.org/content/lpc-medieval-fantasy-character-sprites" 
"legs/armour/plate/male/thrust.png","reduced to 7 colors an adapted to v3 bases by bluecarrot16, climb/jump/sit/emote/run by JaidynReiman" ,"bluecarrot16,JaidynReiman,Michael Whitlock (bigbeargames),Matthew Krohn (makrohn),Johannes Sjölund (wulax)" ,"OGA-BY 3.0,CC-BY-SA 3.0,GPL 3.0" ,"https://opengameart.org/content/lpc-medieval-fantasy-character-sprites" 
"legs/armour/plate/thin/thrust.png","reduced to 7 colors an adapted to v3 bases by bluecarrot16, climb/jump/sit/emote/run by JaidynReiman" ,"bluecarrot16,JaidynReiman,Michael Whitlock (bigbeargames),Matthew Krohn (makrohn),Johannes Sjölund (wulax)" ,"OGA-BY 3.0,CC-BY-SA 3.0,GPL 3.0" ,"https://opengameart.org/content/lpc-medieval-fantasy-character-sprites" 
"legs/armour/plate/male/walk.png","reduced to 7 colors an adapted to v3 bases by bluecarrot16, climb/jump/sit/emote/run by JaidynReiman" ,"bluecarrot16,JaidynReiman,Michael Whitlock (bigbeargames),Matthew Krohn (makrohn),Johannes Sjölund (wulax)" ,"OGA-BY 3.0,CC-BY-SA 3.0,GPL 3.0" ,"https://opengameart.org/content/lpc-medieval-fantasy-character-sprites" 
"legs/armour/plate/thin/walk.png","reduced to 7 colors an adapted to v3 bases by bluecarrot16, climb/jump/sit/emote/run by JaidynReiman" ,"bluecarrot16,JaidynReiman,Michael Whitlock (bigbeargames),Matthew Krohn (makrohn),Johannes Sjölund (wulax)" ,"OGA-BY 3.0,CC-BY-SA 3.0,GPL 3.0" ,"https://opengameart.org/content/lpc-medieval-fantasy-character-sprites" 
"legs/armour/plate/male/slash.png","reduced to 7 colors an adapted to v3 bases by bluecarrot16, climb/jump/sit/emote/run by JaidynReiman" ,"bluecarrot16,JaidynReiman,Michael Whitlock (bigbeargames),Matthew Krohn (makrohn),Johannes Sjölund (wulax)" ,"OGA-BY 3.0,CC-BY-SA 3.0,GPL 3.0" ,"https://opengameart.org/content/lpc-medieval-fantasy-character-sprites" 
"legs/armour/plate/thin/slash.png","reduced to 7 colors an adapted to v3 bases by bluecarrot16, climb/jump/sit/emote/run by JaidynReiman" ,"bluecarrot16,JaidynReiman,Michael Whitlock (bigbeargames),Matthew Krohn (makrohn),Johannes Sjölund (wulax)" ,"OGA-BY 3.0,CC-BY-SA 3.0,GPL 3.0" ,"https://opengameart.org/content/lpc-medieval-fantasy-character-sprites" 
"legs/armour/plate/male/shoot.png","reduced to 7 colors an adapted to v3 bases by bluecarrot16, climb/jump/sit/emote/run by JaidynReiman" ,"bluecarrot16,JaidynReiman,Michael Whitlock (bigbeargames),Matthew Krohn (makrohn),Johannes Sjölund (wulax)" ,"OGA-BY 3.0,CC-BY-SA 3.0,GPL 3.0" ,"https://opengameart.org/content/lpc-medieval-fantasy-character-sprites" 
"legs/armour/plate/thin/shoot.png","reduced to 7 colors an adapted to v3 bases by bluecarrot16, climb/jump/sit/emote/run by JaidynReiman" ,"bluecarrot16,JaidynReiman,Michael Whitlock (bigbeargames),Matthew Krohn (makrohn),Johannes Sjölund (wulax)" ,"OGA-BY 3.0,CC-BY-SA 3.0,GPL 3.0" ,"https://opengameart.org/content/lpc-medieval-fantasy-character-sprites" 
"legs/armour/plate/male/hurt.png","reduced to 7 colors an adapted to v3 bases by bluecarrot16, climb/jump/sit/emote/run by JaidynReiman" ,"bluecarrot16,JaidynReiman,Michael Whitlock (bigbeargames),Matthew Krohn (makrohn),Johannes Sjölund (wulax)" ,"OGA-BY 3.0,CC-BY-SA 3.0,GPL 3.0" ,"https://opengameart.org/content/lpc-medieval-fantasy-character-sprites" 
"legs/armour/plate/thin/hurt.png","reduced to 7 colors an adapted to v3 bases by bluecarrot16, climb/jump/sit/emote/run by JaidynReiman" ,"bluecarrot16,JaidynReiman,Michael Whitlock (bigbeargames),Matthew Krohn (makrohn),Johannes Sjölund (wulax)" ,"OGA-BY 3.0,CC-BY-SA 3.0,GPL 3.0" ,"https://opengameart.org/content/lpc-medieval-fantasy-character-sprites" 
"legs/armour/plate/male/idle.png","reduced to 7 colors an adapted to v3 bases by bluecarrot16, climb/jump/sit/emote/run by JaidynReiman" ,"bluecarrot16,JaidynReiman,Michael Whitlock (bigbeargames),Matthew Krohn (makrohn),Johannes Sjölund (wulax)" ,"OGA-BY 3.0,CC-BY-SA 3.0,GPL 3.0" ,"https://opengameart.org/content/lpc-medieval-fantasy-character-sprites" 
"legs/armour/plate/thin/idle.png","reduced to 7 colors an adapted to v3 bases by bluecarrot16, climb/jump/sit/emote/run by JaidynReiman" ,"bluecarrot16,JaidynReiman,Michael Whitlock (bigbeargames),Matthew Krohn (makrohn),Johannes Sjölund (wulax)" ,"OGA-BY 3.0,CC-BY-SA 3.0,GPL 3.0" ,"https://opengameart.org/content/lpc-medieval-fantasy-character-sprites" 
"legs/pantaloons/male/spellcast.png","Original bases by Redshrike, thrust/shoot bases by Wulax, Original Pantaloons by Nila122, climb/jump/run/sit/emotes/revised combat by JaidynReiman" ,"Nila122,JaidynReiman,Johannes Sjölund (wulax),Stephen Challener (Redshrike)" ,"OGA-BY 3.0,GPL 2.0,GPL 3.0,CC-BY-SA 3.0" ,"https://opengameart.org/content/lpc-pirates,https://opengameart.org/content/more-lpc-clothes-and-hair,https://opengameart.org/content/lpc-expanded-pants" 
"legs/pantaloons/thin/spellcast.png","Original bases by Redshrike, thrust/shoot bases by Wulax, Original Pantaloons by Nila122, Female/Teen version by JaidynReiman" ,"Nila122,JaidynReiman,Johannes Sjölund (wulax),Stephen Challener (Redshrike)" ,"OGA-BY 3.0,CC-BY-SA 3.0,GPL 2.0,GPL 3.0" ,"https://opengameart.org/content/lpc-pirates,https://opengameart.org/content/more-lpc-clothes-and-hair,https://opengameart.org/content/lpc-expanded-pants" 
"legs/pantaloons/male/thrust.png","Original bases by Redshrike, thrust/shoot bases by Wulax, Original Pantaloons by Nila122, climb/jump/run/sit/emotes/revised combat by JaidynReiman" ,"Nila122,JaidynReiman,Johannes Sjölund (wulax),Stephen Challener (Redshrike)" ,"OGA-BY 3.0,GPL 2.0,GPL 3.0,CC-BY-SA 3.0" ,"https://opengameart.org/content/lpc-pirates,https://opengameart.org/content/more-lpc-clothes-and-hair,https://opengameart.org/content/lpc-expanded-pants" 
"legs/pantaloons/thin/thrust.png","Original bases by Redshrike, thrust/shoot bases by Wulax, Original Pantaloons by Nila122, Female/Teen version by JaidynReiman" ,"Nila122,JaidynReiman,Johannes Sjölund (wulax),Stephen Challener (Redshrike)" ,"OGA-BY 3.0,CC-BY-SA 3.0,GPL 2.0,GPL 3.0" ,"https://opengameart.org/content/lpc-pirates,https://opengameart.org/content/more-lpc-clothes-and-hair,https://opengameart.org/content/lpc-expanded-pants" 
"legs/pantaloons/male/walk.png","Original bases by Redshrike, thrust/shoot bases by Wulax, Original Pantaloons by Nila122, climb/jump/run/sit/emotes/revised combat by JaidynReiman" ,"Nila122,JaidynReiman,Johannes Sjölund (wulax),Stephen Challener (Redshrike)" ,"OGA-BY 3.0,GPL 2.0,GPL 3.0,CC-BY-SA 3.0" ,"https://opengameart.org/content/lpc-pirates,https://opengameart.org/content/more-lpc-clothes-and-hair,https://opengameart.org/content/lpc-expanded-pants" 
"legs/pantaloons/thin/walk.png","Original bases by Redshrike, thrust/shoot bases by Wulax, Original Pantaloons by Nila122, Female/Teen version by JaidynReiman" ,"Nila122,JaidynReiman,Johannes Sjölund (wulax),Stephen Challener (Redshrike)" ,"OGA-BY 3.0,CC-BY-SA 3.0,GPL 2.0,GPL 3.0" ,"https://opengameart.org/content/lpc-pirates,https://opengameart.org/content/more-lpc-clothes-and-hair,https://opengameart.org/content/lpc-expanded-pants" 
"legs/pantaloons/male/slash.png","Original bases by Redshrike, thrust/shoot bases by Wulax, Original Pantaloons by Nila122, climb/jump/run/sit/emotes/revised combat by JaidynReiman" ,"Nila122,JaidynReiman,Johannes Sjölund (wulax),Stephen Challener (Redshrike)" ,"OGA-BY 3.0,GPL 2.0,GPL 3.0,CC-BY-SA 3.0" ,"https://opengameart.org/content/lpc-pirates,https://opengameart.org/content/more-lpc-clothes-and-hair,https://opengameart.org/content/lpc-expanded-pants" 
"legs/pantaloons/thin/slash.png","Original bases by Redshrike, thrust/shoot bases by Wulax, Original Pantaloons by Nila122, Female/Teen version by JaidynReiman" ,"Nila122,JaidynReiman,Johannes Sjölund (wulax),Stephen Challener (Redshrike)" ,"OGA-BY 3.0,CC-BY-SA 3.0,GPL 2.0,GPL 3.0" ,"https://opengameart.org/content/lpc-pirates,https://opengameart.org/content/more-lpc-clothes-and-hair,https://opengameart.org/content/lpc-expanded-pants" 
"legs/pantaloons/male/shoot.png","Original bases by Redshrike, thrust/shoot bases by Wulax, Original Pantaloons by Nila122, climb/jump/run/sit/emotes/revised combat by JaidynReiman" ,"Nila122,JaidynReiman,Johannes Sjölund (wulax),Stephen Challener (Redshrike)" ,"OGA-BY 3.0,GPL 2.0,GPL 3.0,CC-BY-SA 3.0" ,"https://opengameart.org/content/lpc-pirates,https://opengameart.org/content/more-lpc-clothes-and-hair,https://opengameart.org/content/lpc-expanded-pants" 
"legs/pantaloons/thin/shoot.png","Original bases by Redshrike, thrust/shoot bases by Wulax, Original Pantaloons by Nila122, Female/Teen version by JaidynReiman" ,"Nila122,JaidynReiman,Johannes Sjölund (wulax),Stephen Challener (Redshrike)" ,"OGA-BY 3.0,CC-BY-SA 3.0,GPL 2.0,GPL 3.0" ,"https://opengameart.org/content/lpc-pirates,https://opengameart.org/content/more-lpc-clothes-and-hair,https://opengameart.org/content/lpc-expanded-pants" 
"legs/pantaloons/male/hurt.png","Original bases by Redshrike, thrust/shoot bases by Wulax, Original Pantaloons by Nila122, climb/jump/run/sit/emotes/revised combat by JaidynReiman" ,"Nila122,JaidynReiman,Johannes Sjölund (wulax),Stephen Challener (Redshrike)" ,"OGA-BY 3.0,GPL 2.0,GPL 3.0,CC-BY-SA 3.0" ,"https://opengameart.org/content/lpc-pirates,https://opengameart.org/content/more-lpc-clothes-and-hair,https://opengameart.org/content/lpc-expanded-pants" 
"legs/pantaloons/thin/hurt.png","Original bases by Redshrike, thrust/shoot bases by Wulax, Original Pantaloons by Nila122, Female/Teen version by JaidynReiman" ,"Nila122,JaidynReiman,Johannes Sjölund (wulax),Stephen Challener (Redshrike)" ,"OGA-BY 3.0,CC-BY-SA 3.0,GPL 2.0,GPL 3.0" ,"https://opengameart.org/content/lpc-pirates,https://opengameart.org/content/more-lpc-clothes-and-hair,https://opengameart.org/content/lpc-expanded-pants" 
"legs/pantaloons/male/idle.png","Original bases by Redshrike, thrust/shoot bases by Wulax, Original Pantaloons by Nila122, climb/jump/run/sit/emotes/revised combat by JaidynReiman" ,"Nila122,JaidynReiman,Johannes Sjölund (wulax),Stephen Challener (Redshrike)" ,"OGA-BY 3.0,GPL 2.0,GPL 3.0,CC-BY-SA 3.0" ,"https://opengameart.org/content/lpc-pirates,https://opengameart.org/content/more-lpc-clothes-and-hair,https://opengameart.org/content/lpc-expanded-pants" 
"legs/pantaloons/thin/idle.png","Original bases by Redshrike, thrust/shoot bases by Wulax, Original Pantaloons by Nila122, Female/Teen version by JaidynReiman" ,"Nila122,JaidynReiman,Johannes Sjölund (wulax),Stephen Challener (Redshrike)" ,"OGA-BY 3.0,CC-BY-SA 3.0,GPL 2.0,GPL 3.0" ,"https://opengameart.org/content/lpc-pirates,https://opengameart.org/content/more-lpc-clothes-and-hair,https://opengameart.org/content/lpc-expanded-pants" 
"legs/pants/male/spellcast.png","original male pants by wulax, recolors and edits to v3 base by bluecarrot16, climb/jump/run/sit/emotes/revised combat by JaidynReiman based on ElizaWy's LPC Revised" ,"bluecarrot16,JaidynReiman,ElizaWy,Matthew Krohn (makrohn),Johannes Sjölund (wulax),Stephen Challener (Redshrike)" ,"OGA-BY 3.0,GPL 3.0,CC-BY-SA 3.0" ,"https://opengameart.org/content/liberated-pixel-cup-lpc-base-assets-sprites-map-tiles,https://opengameart.org/content/lpc-medieval-fantasy-character-sprites,https://opengameart.org/content/lpc-expanded-pants" 
"legs/pants/thin/spellcast.png","original male pants by wulax, edited for female by Joe White, recolors and edits to v3 base by bluecarrot16, teen legs by ElizaWy derived from base, climb/jump/run/sit/emotes/revised combat by JaidynReiman based on ElizaWy's LPC Revised" ,"bluecarrot16,JaidynReiman,ElizaWy,Joe White,Matthew Krohn (makrohn),Johannes Sjölund (wulax),Stephen Challener (Redshrike)" ,"OGA-BY 3.0,GPL 3.0,CC-BY-SA 3.0" ,"https://opengameart.org/content/liberated-pixel-cup-lpc-base-assets-sprites-map-tiles,https://opengameart.org/content/lpc-medieval-fantasy-character-sprites,http://opengameart.org/content/lpc-clothing-updates,https://opengameart.org/content/lpc-expanded-pants" 
"legs/pants/male/thrust.png","original male pants by wulax, recolors and edits to v3 base by bluecarrot16, climb/jump/run/sit/emotes/revised combat by JaidynReiman based on ElizaWy's LPC Revised" ,"bluecarrot16,JaidynReiman,ElizaWy,Matthew Krohn (makrohn),Johannes Sjölund (wulax),Stephen Challener (Redshrike)" ,"OGA-BY 3.0,GPL 3.0,CC-BY-SA 3.0" ,"https://opengameart.org/content/liberated-pixel-cup-lpc-base-assets-sprites-map-tiles,https://opengameart.org/content/lpc-medieval-fantasy-character-sprites,https://opengameart.org/content/lpc-expanded-pants" 
"legs/pants/thin/thrust.png","original male pants by wulax, edited for female by Joe White, recolors and edits to v3 base by bluecarrot16, teen legs by ElizaWy derived from base, climb/jump/run/sit/emotes/revised combat by JaidynReiman based on ElizaWy's LPC Revised" ,"bluecarrot16,JaidynReiman,ElizaWy,Joe White,Matthew Krohn (makrohn),Johannes Sjölund (wulax),Stephen Challener (Redshrike)" ,"OGA-BY 3.0,GPL 3.0,CC-BY-SA 3.0" ,"https://opengameart.org/content/liberated-pixel-cup-lpc-base-assets-sprites-map-tiles,https://opengameart.org/content/lpc-medieval-fantasy-character-sprites,http://opengameart.org/content/lpc-clothing-updates,https://opengameart.org/content/lpc-expanded-pants" 
"legs/pants/male/walk.png","original male pants by wulax, recolors and edits to v3 base by bluecarrot16, climb/jump/run/sit/emotes/revised combat by JaidynReiman based on ElizaWy's LPC Revised" ,"bluecarrot16,JaidynReiman,ElizaWy,Matthew Krohn (makrohn),Johannes Sjölund (wulax),Stephen Challener (Redshrike)" ,"OGA-BY 3.0,GPL 3.0,CC-BY-SA 3.0" ,"https://opengameart.org/content/liberated-pixel-cup-lpc-base-assets-sprites-map-tiles,https://opengameart.org/content/lpc-medieval-fantasy-character-sprites,https://opengameart.org/content/lpc-expanded-pants" 
"legs/pants/thin/walk.png","original male pants by wulax, edited for female by Joe White, recolors and edits to v3 base by bluecarrot16, teen legs by ElizaWy derived from base, climb/jump/run/sit/emotes/revised combat by JaidynReiman based on ElizaWy's LPC Revised" ,"bluecarrot16,JaidynReiman,ElizaWy,Joe White,Matthew Krohn (makrohn),Johannes Sjölund (wulax),Stephen Challener (Redshrike)" ,"OGA-BY 3.0,GPL 3.0,CC-BY-SA 3.0" ,"https://opengameart.org/content/liberated-pixel-cup-lpc-base-assets-sprites-map-tiles,https://opengameart.org/content/lpc-medieval-fantasy-character-sprites,http://opengameart.org/content/lpc-clothing-updates,https://opengameart.org/content/lpc-expanded-pants" 
"legs/pants/male/slash.png","original male pants by wulax, recolors and edits to v3 base by bluecarrot16, climb/jump/run/sit/emotes/revised combat by JaidynReiman based on ElizaWy's LPC Revised" ,"bluecarrot16,JaidynReiman,ElizaWy,Matthew Krohn (makrohn),Johannes Sjölund (wulax),Stephen Challener (Redshrike)" ,"OGA-BY 3.0,GPL 3.0,CC-BY-SA 3.0" ,"https://opengameart.org/content/liberated-pixel-cup-lpc-base-assets-sprites-map-tiles,https://opengameart.org/content/lpc-medieval-fantasy-character-sprites,https://opengameart.org/content/lpc-expanded-pants" 
"legs/pants/thin/slash.png","original male pants by wulax, edited for female by Joe White, recolors and edits to v3 base by bluecarrot16, teen legs by ElizaWy derived from base, climb/jump/run/sit/emotes/revised combat by JaidynReiman based on ElizaWy's LPC Revised" ,"bluecarrot16,JaidynReiman,ElizaWy,Joe White,Matthew Krohn (makrohn),Johannes Sjölund (wulax),Stephen Challener (Redshrike)" ,"OGA-BY 3.0,GPL 3.0,CC-BY-SA 3.0" ,"https://opengameart.org/content/liberated-pixel-cup-lpc-base-assets-sprites-map-tiles,https://opengameart.org/content/lpc-medieval-fantasy-character-sprites,http://opengameart.org/content/lpc-clothing-updates,https://opengameart.org/content/lpc-expanded-pants" 
"legs/pants/male/shoot.png","original male pants by wulax, recolors and edits to v3 base by bluecarrot16, climb/jump/run/sit/emotes/revised combat by JaidynReiman based on ElizaWy's LPC Revised" ,"bluecarrot16,JaidynReiman,ElizaWy,Matthew Krohn (makrohn),Johannes Sjölund (wulax),Stephen Challener (Redshrike)" ,"OGA-BY 3.0,GPL 3.0,CC-BY-SA 3.0" ,"https://opengameart.org/content/liberated-pixel-cup-lpc-base-assets-sprites-map-tiles,https://opengameart.org/content/lpc-medieval-fantasy-character-sprites,https://opengameart.org/content/lpc-expanded-pants" 
"legs/pants/thin/shoot.png","original male pants by wulax, edited for female by Joe White, recolors and edits to v3 base by bluecarrot16, teen legs by ElizaWy derived from base, climb/jump/run/sit/emotes/revised combat by JaidynReiman based on ElizaWy's LPC Revised" ,"bluecarrot16,JaidynReiman,ElizaWy,Joe White,Matthew Krohn (makrohn),Johannes Sjölund (wulax),Stephen Challener (Redshrike)" ,"OGA-BY 3.0,GPL 3.0,CC-BY-SA 3.0" ,"https://opengameart.org/content/liberated-pixel-cup-lpc-base-assets-sprites-map-tiles,https://opengameart.org/content/lpc-medieval-fantasy-character-sprites,http://opengameart.org/content/lpc-clothing-updates,https://opengameart.org/content/lpc-expanded-pants" 
"legs/pants/male/hurt.png","original male pants by wulax, recolors and edits to v3 base by bluecarrot16, climb/jump/run/sit/emotes/revised combat by JaidynReiman based on ElizaWy's LPC Revised" ,"bluecarrot16,JaidynReiman,ElizaWy,Matthew Krohn (makrohn),Johannes Sjölund (wulax),Stephen Challener (Redshrike)" ,"OGA-BY 3.0,GPL 3.0,CC-BY-SA 3.0" ,"https://opengameart.org/content/liberated-pixel-cup-lpc-base-assets-sprites-map-tiles,https://opengameart.org/content/lpc-medieval-fantasy-character-sprites,https://opengameart.org/content/lpc-expanded-pants" 
"legs/pants/thin/hurt.png","original male pants by wulax, edited for female by Joe White, recolors and edits to v3 base by bluecarrot16, teen legs by ElizaWy derived from base, climb/jump/run/sit/emotes/revised combat by JaidynReiman based on ElizaWy's LPC Revised" ,"bluecarrot16,JaidynReiman,ElizaWy,Joe White,Matthew Krohn (makrohn),Johannes Sjölund (wulax),Stephen Challener (Redshrike)" ,"OGA-BY 3.0,GPL 3.0,CC-BY-SA 3.0" ,"https://opengameart.org/content/liberated-pixel-cup-lpc-base-assets-sprites-map-tiles,https://opengameart.org/content/lpc-medieval-fantasy-character-sprites,http://opengameart.org/content/lpc-clothing-updates,https://opengameart.org/content/lpc-expanded-pants" 
"legs/pants/male/idle.png","original male pants by wulax, recolors and edits to v3 base by bluecarrot16, climb/jump/run/sit/emotes/revised combat by JaidynReiman based on ElizaWy's LPC Revised" ,"bluecarrot16,JaidynReiman,ElizaWy,Matthew Krohn (makrohn),Johannes Sjölund (wulax),Stephen Challener (Redshrike)" ,"OGA-BY 3.0,GPL 3.0,CC-BY-SA 3.0" ,"https://opengameart.org/content/liberated-pixel-cup-lpc-base-assets-sprites-map-tiles,https://opengameart.org/content/lpc-medieval-fantasy-character-sprites,https://opengameart.org/content/lpc-expanded-pants" 
"legs/pants/thin/idle.png","original male pants by wulax, edited for female by Joe White, recolors and edits to v3 base by bluecarrot16, teen legs by ElizaWy derived from base, climb/jump/run/sit/emotes/revised combat by JaidynReiman based on ElizaWy's LPC Revised" ,"bluecarrot16,JaidynReiman,ElizaWy,Joe White,Matthew Krohn (makrohn),Johannes Sjölund (wulax),Stephen Challener (Redshrike)" ,"OGA-BY 3.0,GPL 3.0,CC-BY-SA 3.0" ,"https://opengameart.org/content/liberated-pixel-cup-lpc-base-assets-sprites-map-tiles,https://opengameart.org/content/lpc-medieval-fantasy-character-sprites,http://opengameart.org/content/lpc-clothing-updates,https://opengameart.org/content/lpc-expanded-pants" 
"legs/pants2/male/spellcast.png","original overalls by ElizaWy, base animations adapted from v3 overalls by bluecarrot16, pants by JaidynReiman" ,"JaidynReiman,ElizaWy,Bluecarrot16,Johannes Sjölund (wulax),Stephen Challener (Redshrike)" ,"OGA-BY 3.0,GPL 3.0" ,"https://github.com/ElizaWy/LPC/tree/main/Characters/Clothing,https://opengameart.org/content/lpc-expanded-sit-run-jump-more,https://opengameart.org/content/lpc-expanded-pants" 
"legs/pants2/thin/spellcast.png","Original bases by Redshrike, thrust/shoot bases by Wulax, original pants by ElizaWy, climb/jump/run/sit/emotes/revised combat by JaidynReiman" ,"ElizaWy,JaidynReiman,Johannes Sjölund (wulax),Stephen Challener (Redshrike)" ,"OGA-BY 3.0" ,"https://github.com/ElizaWy/LPC/tree/main/Characters/Clothing,https://opengameart.org/content/lpc-expanded-sit-run-jump-more,https://opengameart.org/content/lpc-expanded-pants" 
"legs/pants2/male/thrust.png","original overalls by ElizaWy, base animations adapted from v3 overalls by bluecarrot16, pants by JaidynReiman" ,"JaidynReiman,ElizaWy,Bluecarrot16,Johannes Sjölund (wulax),Stephen Challener (Redshrike)" ,"OGA-BY 3.0,GPL 3.0" ,"https://github.com/ElizaWy/LPC/tree/main/Characters/Clothing,https://opengameart.org/content/lpc-expanded-sit-run-jump-more,https://opengameart.org/content/lpc-expanded-pants" 
"legs/pants2/thin/thrust.png","Original bases by Redshrike, thrust/shoot bases by Wulax, original pants by ElizaWy, climb/jump/run/sit/emotes/revised combat by JaidynReiman" ,"ElizaWy,JaidynReiman,Johannes Sjölund (wulax),Stephen Challener (Redshrike)" ,"OGA-BY 3.0" ,"https://github.com/ElizaWy/LPC/tree/main/Characters/Clothing,https://opengameart.org/content/lpc-expanded-sit-run-jump-more,https://opengameart.org/content/lpc-expanded-pants" 
"legs/pants2/male/walk.png","original overalls by ElizaWy, base animations adapted from v3 overalls by bluecarrot16, pants by JaidynReiman" ,"JaidynReiman,ElizaWy,Bluecarrot16,Johannes Sjölund (wulax),Stephen Challener (Redshrike)" ,"OGA-BY 3.0,GPL 3.0" ,"https://github.com/ElizaWy/LPC/tree/main/Characters/Clothing,https://opengameart.org/content/lpc-expanded-sit-run-jump-more,https://opengameart.org/content/lpc-expanded-pants" 
"legs/pants2/thin/walk.png","Original bases by Redshrike, thrust/shoot bases by Wulax, original pants by ElizaWy, climb/jump/run/sit/emotes/revised combat by JaidynReiman" ,"ElizaWy,JaidynReiman,Johannes Sjölund (wulax),Stephen Challener (Redshrike)" ,"OGA-BY 3.0" ,"https://github.com/ElizaWy/LPC/tree/main/Characters/Clothing,https://opengameart.org/content/lpc-expanded-sit-run-jump-more,https://opengameart.org/content/lpc-expanded-pants" 
"legs/pants2/male/slash.png","original overalls by ElizaWy, base animations adapted from v3 overalls by bluecarrot16, pants by JaidynReiman" ,"JaidynReiman,ElizaWy,Bluecarrot16,Johannes Sjölund (wulax),Stephen Challener (Redshrike)" ,"OGA-BY 3.0,GPL 3.0" ,"https://github.com/ElizaWy/LPC/tree/main/Characters/Clothing,https://opengameart.org/content/lpc-expanded-sit-run-jump-more,https://opengameart.org/content/lpc-expanded-pants" 
"legs/pants2/thin/slash.png","Original bases by Redshrike, thrust/shoot bases by Wulax, original pants by ElizaWy, climb/jump/run/sit/emotes/revised combat by JaidynReiman" ,"ElizaWy,JaidynReiman,Johannes Sjölund (wulax),Stephen Challener (Redshrike)" ,"OGA-BY 3.0" ,"https://github.com/ElizaWy/LPC/tree/main/Characters/Clothing,https://opengameart.org/content/lpc-expanded-sit-run-jump-more,https://opengameart.org/content/lpc-expanded-pants" 
"legs/pants2/male/shoot.png","original overalls by ElizaWy, base animations adapted from v3 overalls by bluecarrot16, pants by JaidynReiman" ,"JaidynReiman,ElizaWy,Bluecarrot16,Johannes Sjölund (wulax),Stephen Challener (Redshrike)" ,"OGA-BY 3.0,GPL 3.0" ,"https://github.com/ElizaWy/LPC/tree/main/Characters/Clothing,https://opengameart.org/content/lpc-expanded-sit-run-jump-more,https://opengameart.org/content/lpc-expanded-pants" 
"legs/pants2/thin/shoot.png","Original bases by Redshrike, thrust/shoot bases by Wulax, original pants by ElizaWy, climb/jump/run/sit/emotes/revised combat by JaidynReiman" ,"ElizaWy,JaidynReiman,Johannes Sjölund (wulax),Stephen Challener (Redshrike)" ,"OGA-BY 3.0" ,"https://github.com/ElizaWy/LPC/tree/main/Characters/Clothing,https://opengameart.org/content/lpc-expanded-sit-run-jump-more,https://opengameart.org/content/lpc-expanded-pants" 
"legs/pants2/male/hurt.png","original overalls by ElizaWy, base animations adapted from v3 overalls by bluecarrot16, pants by JaidynReiman" ,"JaidynReiman,ElizaWy,Bluecarrot16,Johannes Sjölund (wulax),Stephen Challener (Redshrike)" ,"OGA-BY 3.0,GPL 3.0" ,"https://github.com/ElizaWy/LPC/tree/main/Characters/Clothing,https://opengameart.org/content/lpc-expanded-sit-run-jump-more,https://opengameart.org/content/lpc-expanded-pants" 
"legs/pants2/thin/hurt.png","Original bases by Redshrike, thrust/shoot bases by Wulax, original pants by ElizaWy, climb/jump/run/sit/emotes/revised combat by JaidynReiman" ,"ElizaWy,JaidynReiman,Johannes Sjölund (wulax),Stephen Challener (Redshrike)" ,"OGA-BY 3.0" ,"https://github.com/ElizaWy/LPC/tree/main/Characters/Clothing,https://opengameart.org/content/lpc-expanded-sit-run-jump-more,https://opengameart.org/content/lpc-expanded-pants" 
"legs/pants2/male/idle.png","original overalls by ElizaWy, base animations adapted from v3 overalls by bluecarrot16, pants by JaidynReiman" ,"JaidynReiman,ElizaWy,Bluecarrot16,Johannes Sjölund (wulax),Stephen Challener (Redshrike)" ,"OGA-BY 3.0,GPL 3.0" ,"https://github.com/ElizaWy/LPC/tree/main/Characters/Clothing,https://opengameart.org/content/lpc-expanded-sit-run-jump-more,https://opengameart.org/content/lpc-expanded-pants" 
"legs/pants2/thin/idle.png","Original bases by Redshrike, thrust/shoot bases by Wulax, original pants by ElizaWy, climb/jump/run/sit/emotes/revised combat by JaidynReiman" ,"ElizaWy,JaidynReiman,Johannes Sjölund (wulax),Stephen Challener (Redshrike)" ,"OGA-BY 3.0" ,"https://github.com/ElizaWy/LPC/tree/main/Characters/Clothing,https://opengameart.org/content/lpc-expanded-sit-run-jump-more,https://opengameart.org/content/lpc-expanded-pants" 
"legs/hose/male/spellcast.png","Original bases by Redshrike, thrust/shoot bases by Wulax, original overalls and hose by ElizaWy, base animations adapted from v3 overalls by bluecarrot16, male hose by JaidynReiman" ,"JaidynReiman,ElizaWy,bluecarrot16,JaidynReiman,ElizaWy,Johannes Sjölund (wulax),Stephen Challener (Redshrike)" ,"OGA-BY 3.0,GPL 3.0" ,"https://github.com/ElizaWy/LPC/tree/main/Characters/Clothing,https://opengameart.org/content/lpc-expanded-pants" 
"legs/hose/thin/spellcast.png","Original bases by Redshrike, thrust/shoot bases by Wulax, original by ElizaWy, remaining frames by JaidynReiman" ,"ElizaWy,JaidynReiman,Johannes Sjölund (wulax),Stephen Challener (Redshrike)" ,"OGA-BY 3.0" ,"https://github.com/ElizaWy/LPC/tree/main/Characters/Clothing,https://opengameart.org/content/lpc-expanded-sit-run-jump-more,https://opengameart.org/content/lpc-expanded-pants" 
"legs/hose/male/thrust.png","Original bases by Redshrike, thrust/shoot bases by Wulax, original overalls and hose by ElizaWy, base animations adapted from v3 overalls by bluecarrot16, male hose by JaidynReiman" ,"JaidynReiman,ElizaWy,bluecarrot16,JaidynReiman,ElizaWy,Johannes Sjölund (wulax),Stephen Challener (Redshrike)" ,"OGA-BY 3.0,GPL 3.0" ,"https://github.com/ElizaWy/LPC/tree/main/Characters/Clothing,https://opengameart.org/content/lpc-expanded-pants" 
"legs/hose/thin/thrust.png","Original bases by Redshrike, thrust/shoot bases by Wulax, original by ElizaWy, remaining frames by JaidynReiman" ,"ElizaWy,JaidynReiman,Johannes Sjölund (wulax),Stephen Challener (Redshrike)" ,"OGA-BY 3.0" ,"https://github.com/ElizaWy/LPC/tree/main/Characters/Clothing,https://opengameart.org/content/lpc-expanded-sit-run-jump-more,https://opengameart.org/content/lpc-expanded-pants" 
"legs/hose/male/walk.png","Original bases by Redshrike, thrust/shoot bases by Wulax, original overalls and hose by ElizaWy, base animations adapted from v3 overalls by bluecarrot16, male hose by JaidynReiman" ,"JaidynReiman,ElizaWy,bluecarrot16,JaidynReiman,ElizaWy,Johannes Sjölund (wulax),Stephen Challener (Redshrike)" ,"OGA-BY 3.0,GPL 3.0" ,"https://github.com/ElizaWy/LPC/tree/main/Characters/Clothing,https://opengameart.org/content/lpc-expanded-pants" 
"legs/hose/thin/walk.png","Original bases by Redshrike, thrust/shoot bases by Wulax, original by ElizaWy, remaining frames by JaidynReiman" ,"ElizaWy,JaidynReiman,Johannes Sjölund (wulax),Stephen Challener (Redshrike)" ,"OGA-BY 3.0" ,"https://github.com/ElizaWy/LPC/tree/main/Characters/Clothing,https://opengameart.org/content/lpc-expanded-sit-run-jump-more,https://opengameart.org/content/lpc-expanded-pants" 
"legs/hose/male/slash.png","Original bases by Redshrike, thrust/shoot bases by Wulax, original overalls and hose by ElizaWy, base animations adapted from v3 overalls by bluecarrot16, male hose by JaidynReiman" ,"JaidynReiman,ElizaWy,bluecarrot16,JaidynReiman,ElizaWy,Johannes Sjölund (wulax),Stephen Challener (Redshrike)" ,"OGA-BY 3.0,GPL 3.0" ,"https://github.com/ElizaWy/LPC/tree/main/Characters/Clothing,https://opengameart.org/content/lpc-expanded-pants" 
"legs/hose/thin/slash.png","Original bases by Redshrike, thrust/shoot bases by Wulax, original by ElizaWy, remaining frames by JaidynReiman" ,"ElizaWy,JaidynReiman,Johannes Sjölund (wulax),Stephen Challener (Redshrike)" ,"OGA-BY 3.0" ,"https://github.com/ElizaWy/LPC/tree/main/Characters/Clothing,https://opengameart.org/content/lpc-expanded-sit-run-jump-more,https://opengameart.org/content/lpc-expanded-pants" 
"legs/hose/male/shoot.png","Original bases by Redshrike, thrust/shoot bases by Wulax, original overalls and hose by ElizaWy, base animations adapted from v3 overalls by bluecarrot16, male hose by JaidynReiman" ,"JaidynReiman,ElizaWy,bluecarrot16,JaidynReiman,ElizaWy,Johannes Sjölund (wulax),Stephen Challener (Redshrike)" ,"OGA-BY 3.0,GPL 3.0" ,"https://github.com/ElizaWy/LPC/tree/main/Characters/Clothing,https://opengameart.org/content/lpc-expanded-pants" 
"legs/hose/thin/shoot.png","Original bases by Redshrike, thrust/shoot bases by Wulax, original by ElizaWy, remaining frames by JaidynReiman" ,"ElizaWy,JaidynReiman,Johannes Sjölund (wulax),Stephen Challener (Redshrike)" ,"OGA-BY 3.0" ,"https://github.com/ElizaWy/LPC/tree/main/Characters/Clothing,https://opengameart.org/content/lpc-expanded-sit-run-jump-more,https://opengameart.org/content/lpc-expanded-pants" 
"legs/hose/male/hurt.png","Original bases by Redshrike, thrust/shoot bases by Wulax, original overalls and hose by ElizaWy, base animations adapted from v3 overalls by bluecarrot16, male hose by JaidynReiman" ,"JaidynReiman,ElizaWy,bluecarrot16,JaidynReiman,ElizaWy,Johannes Sjölund (wulax),Stephen Challener (Redshrike)" ,"OGA-BY 3.0,GPL 3.0" ,"https://github.com/ElizaWy/LPC/tree/main/Characters/Clothing,https://opengameart.org/content/lpc-expanded-pants" 
"legs/hose/thin/hurt.png","Original bases by Redshrike, thrust/shoot bases by Wulax, original by ElizaWy, remaining frames by JaidynReiman" ,"ElizaWy,JaidynReiman,Johannes Sjölund (wulax),Stephen Challener (Redshrike)" ,"OGA-BY 3.0" ,"https://github.com/ElizaWy/LPC/tree/main/Characters/Clothing,https://opengameart.org/content/lpc-expanded-sit-run-jump-more,https://opengameart.org/content/lpc-expanded-pants" 
"legs/hose/male/idle.png","Original bases by Redshrike, thrust/shoot bases by Wulax, original overalls and hose by ElizaWy, base animations adapted from v3 overalls by bluecarrot16, male hose by JaidynReiman" ,"JaidynReiman,ElizaWy,bluecarrot16,JaidynReiman,ElizaWy,Johannes Sjölund (wulax),Stephen Challener (Redshrike)" ,"OGA-BY 3.0,GPL 3.0" ,"https://github.com/ElizaWy/LPC/tree/main/Characters/Clothing,https://opengameart.org/content/lpc-expanded-pants" 
"legs/hose/thin/idle.png","Original bases by Redshrike, thrust/shoot bases by Wulax, original by ElizaWy, remaining frames by JaidynReiman" ,"ElizaWy,JaidynReiman,Johannes Sjölund (wulax),Stephen Challener (Redshrike)" ,"OGA-BY 3.0" ,"https://github.com/ElizaWy/LPC/tree/main/Characters/Clothing,https://opengameart.org/content/lpc-expanded-sit-run-jump-more,https://opengameart.org/content/lpc-expanded-pants" 
"legs/shorts/shorts/male/spellcast.png","Original bases by Redshrike, thrust/shoot bases by Wulax, original overalls and shorts by ElizaWy, base animations adapted from v3 overalls by bluecarrot16, shorts by JaidynReiman" ,"JaidynReiman,ElizaWy,Bluecarrot16,Johannes Sjölund (wulax),Stephen Challener (Redshrike)" ,"OGA-BY 3.0,GPL 3.0" ,"https://github.com/ElizaWy/LPC/tree/main/Characters/Clothing,https://opengameart.org/content/lpc-expanded-pants" 
"legs/shorts/shorts/thin/spellcast.png","Original bases by Redshrike, thrust/shoot bases by Wulax, original shorts by ElizaWy, climb/jump/run/sit/emotes/revised combat by JaidynReiman" ,"ElizaWy,JaidynReiman,Johannes Sjölund (wulax),Stephen Challener (Redshrike)" ,"OGA-BY 3.0" ,"https://github.com/ElizaWy/LPC/tree/main/Characters/Clothing,https://opengameart.org/content/lpc-expanded-sit-run-jump-more,https://opengameart.org/content/lpc-expanded-pants" 
"legs/shorts/shorts/male/thrust.png","Original bases by Redshrike, thrust/shoot bases by Wulax, original overalls and shorts by ElizaWy, base animations adapted from v3 overalls by bluecarrot16, shorts by JaidynReiman" ,"JaidynReiman,ElizaWy,Bluecarrot16,Johannes Sjölund (wulax),Stephen Challener (Redshrike)" ,"OGA-BY 3.0,GPL 3.0" ,"https://github.com/ElizaWy/LPC/tree/main/Characters/Clothing,https://opengameart.org/content/lpc-expanded-pants" 
"legs/shorts/shorts/thin/thrust.png","Original bases by Redshrike, thrust/shoot bases by Wulax, original shorts by ElizaWy, climb/jump/run/sit/emotes/revised combat by JaidynReiman" ,"ElizaWy,JaidynReiman,Johannes Sjölund (wulax),Stephen Challener (Redshrike)" ,"OGA-BY 3.0" ,"https://github.com/ElizaWy/LPC/tree/main/Characters/Clothing,https://opengameart.org/content/lpc-expanded-sit-run-jump-more,https://opengameart.org/content/lpc-expanded-pants" 
"legs/shorts/shorts/male/walk.png","Original bases by Redshrike, thrust/shoot bases by Wulax, original overalls and shorts by ElizaWy, base animations adapted from v3 overalls by bluecarrot16, shorts by JaidynReiman" ,"JaidynReiman,ElizaWy,Bluecarrot16,Johannes Sjölund (wulax),Stephen Challener (Redshrike)" ,"OGA-BY 3.0,GPL 3.0" ,"https://github.com/ElizaWy/LPC/tree/main/Characters/Clothing,https://opengameart.org/content/lpc-expanded-pants" 
"legs/shorts/shorts/thin/walk.png","Original bases by Redshrike, thrust/shoot bases by Wulax, original shorts by ElizaWy, climb/jump/run/sit/emotes/revised combat by JaidynReiman" ,"ElizaWy,JaidynReiman,Johannes Sjölund (wulax),Stephen Challener (Redshrike)" ,"OGA-BY 3.0" ,"https://github.com/ElizaWy/LPC/tree/main/Characters/Clothing,https://opengameart.org/content/lpc-expanded-sit-run-jump-more,https://opengameart.org/content/lpc-expanded-pants" 
"legs/shorts/shorts/male/slash.png","Original bases by Redshrike, thrust/shoot bases by Wulax, original overalls and shorts by ElizaWy, base animations adapted from v3 overalls by bluecarrot16, shorts by JaidynReiman" ,"JaidynReiman,ElizaWy,Bluecarrot16,Johannes Sjölund (wulax),Stephen Challener (Redshrike)" ,"OGA-BY 3.0,GPL 3.0" ,"https://github.com/ElizaWy/LPC/tree/main/Characters/Clothing,https://opengameart.org/content/lpc-expanded-pants" 
"legs/shorts/shorts/thin/slash.png","Original bases by Redshrike, thrust/shoot bases by Wulax, original shorts by ElizaWy, climb/jump/run/sit/emotes/revised combat by JaidynReiman" ,"ElizaWy,JaidynReiman,Johannes Sjölund (wulax),Stephen Challener (Redshrike)" ,"OGA-BY 3.0" ,"https://github.com/ElizaWy/LPC/tree/main/Characters/Clothing,https://opengameart.org/content/lpc-expanded-sit-run-jump-more,https://opengameart.org/content/lpc-expanded-pants" 
"legs/shorts/shorts/male/shoot.png","Original bases by Redshrike, thrust/shoot bases by Wulax, original overalls and shorts by ElizaWy, base animations adapted from v3 overalls by bluecarrot16, shorts by JaidynReiman" ,"JaidynReiman,ElizaWy,Bluecarrot16,Johannes Sjölund (wulax),Stephen Challener (Redshrike)" ,"OGA-BY 3.0,GPL 3.0" ,"https://github.com/ElizaWy/LPC/tree/main/Characters/Clothing,https://opengameart.org/content/lpc-expanded-pants" 
"legs/shorts/shorts/thin/shoot.png","Original bases by Redshrike, thrust/shoot bases by Wulax, original shorts by ElizaWy, climb/jump/run/sit/emotes/revised combat by JaidynReiman" ,"ElizaWy,JaidynReiman,Johannes Sjölund (wulax),Stephen Challener (Redshrike)" ,"OGA-BY 3.0" ,"https://github.com/ElizaWy/LPC/tree/main/Characters/Clothing,https://opengameart.org/content/lpc-expanded-sit-run-jump-more,https://opengameart.org/content/lpc-expanded-pants" 
"legs/shorts/shorts/male/hurt.png","Original bases by Redshrike, thrust/shoot bases by Wulax, original overalls and shorts by ElizaWy, base animations adapted from v3 overalls by bluecarrot16, shorts by JaidynReiman" ,"JaidynReiman,ElizaWy,Bluecarrot16,Johannes Sjölund (wulax),Stephen Challener (Redshrike)" ,"OGA-BY 3.0,GPL 3.0" ,"https://github.com/ElizaWy/LPC/tree/main/Characters/Clothing,https://opengameart.org/content/lpc-expanded-pants" 
"legs/shorts/shorts/thin/hurt.png","Original bases by Redshrike, thrust/shoot bases by Wulax, original shorts by ElizaWy, climb/jump/run/sit/emotes/revised combat by JaidynReiman" ,"ElizaWy,JaidynReiman,Johannes Sjölund (wulax),Stephen Challener (Redshrike)" ,"OGA-BY 3.0" ,"https://github.com/ElizaWy/LPC/tree/main/Characters/Clothing,https://opengameart.org/content/lpc-expanded-sit-run-jump-more,https://opengameart.org/content/lpc-expanded-pants" 
"legs/shorts/shorts/male/idle.png","Original bases by Redshrike, thrust/shoot bases by Wulax, original overalls and shorts by ElizaWy, base animations adapted from v3 overalls by bluecarrot16, shorts by JaidynReiman" ,"JaidynReiman,ElizaWy,Bluecarrot16,Johannes Sjölund (wulax),Stephen Challener (Redshrike)" ,"OGA-BY 3.0,GPL 3.0" ,"https://github.com/ElizaWy/LPC/tree/main/Characters/Clothing,https://opengameart.org/content/lpc-expanded-pants" 
"legs/shorts/shorts/thin/idle.png","Original bases by Redshrike, thrust/shoot bases by Wulax, original shorts by ElizaWy, climb/jump/run/sit/emotes/revised combat by JaidynReiman" ,"ElizaWy,JaidynReiman,Johannes Sjölund (wulax),Stephen Challener (Redshrike)" ,"OGA-BY 3.0" ,"https://github.com/ElizaWy/LPC/tree/main/Characters/Clothing,https://opengameart.org/content/lpc-expanded-sit-run-jump-more,https://opengameart.org/content/lpc-expanded-pants" 
"legs/skirts/plain/male/spellcast.png","original by wulax, edited for female base by pvigier, edited for v3 base by bluecarrot16, idle & sit by Ahmad3366, color reduced & female sit/emote by JaidynReiman" ,"bluecarrot16,Pierre Vigier (pvigier),Johannes Sjölund (wulax),Ahmad3366,JaidynReiman" ,"OGA-BY 3.0,CC-BY-SA 3.0,GPL 3.0" ,"https://opengameart.org/content/lpc-medieval-fantasy-character-sprites" 
"legs/skirts/plain/thin/spellcast.png","original by wulax, edited for female base by pvigier, edited for v3 base by bluecarrot16, idle & sit by Ahmad3366, color reduced & female sit/emote by JaidynReiman" ,"bluecarrot16,Pierre Vigier (pvigier),Johannes Sjölund (wulax),Ahmad3366,JaidynReiman" ,"OGA-BY 3.0,CC-BY-SA 3.0,GPL 3.0" ,"https://opengameart.org/content/lpc-medieval-fantasy-character-sprites" 
"legs/skirts/plain/male/thrust.png","original by wulax, edited for female base by pvigier, edited for v3 base by bluecarrot16, idle & sit by Ahmad3366, color reduced & female sit/emote by JaidynReiman" ,"bluecarrot16,Pierre Vigier (pvigier),Johannes Sjölund (wulax),Ahmad3366,JaidynReiman" ,"OGA-BY 3.0,CC-BY-SA 3.0,GPL 3.0" ,"https://opengameart.org/content/lpc-medieval-fantasy-character-sprites" 
"legs/skirts/plain/thin/thrust.png","original by wulax, edited for female base by pvigier, edited for v3 base by bluecarrot16, idle & sit by Ahmad3366, color reduced & female sit/emote by JaidynReiman" ,"bluecarrot16,Pierre Vigier (pvigier),Johannes Sjölund (wulax),Ahmad3366,JaidynReiman" ,"OGA-BY 3.0,CC-BY-SA 3.0,GPL 3.0" ,"https://opengameart.org/content/lpc-medieval-fantasy-character-sprites" 
"legs/skirts/plain/male/walk.png","original by wulax, edited for female base by pvigier, edited for v3 base by bluecarrot16, idle & sit by Ahmad3366, color reduced & female sit/emote by JaidynReiman" ,"bluecarrot16,Pierre Vigier (pvigier),Johannes Sjölund (wulax),Ahmad3366,JaidynReiman" ,"OGA-BY 3.0,CC-BY-SA 3.0,GPL 3.0" ,"https://opengameart.org/content/lpc-medieval-fantasy-character-sprites" 
"legs/skirts/plain/thin/walk.png","original by wulax, edited for female base by pvigier, edited for v3 base by bluecarrot16, idle & sit by Ahmad3366, color reduced & female sit/emote by JaidynReiman" ,"bluecarrot16,Pierre Vigier (pvigier),Johannes Sjölund (wulax),Ahmad3366,JaidynReiman" ,"OGA-BY 3.0,CC-BY-SA 3.0,GPL 3.0" ,"https://opengameart.org/content/lpc-medieval-fantasy-character-sprites" 
"legs/skirts/plain/male/slash.png","original by wulax, edited for female base by pvigier, edited for v3 base by bluecarrot16, idle & sit by Ahmad3366, color reduced & female sit/emote by JaidynReiman" ,"bluecarrot16,Pierre Vigier (pvigier),Johannes Sjölund (wulax),Ahmad3366,JaidynReiman" ,"OGA-BY 3.0,CC-BY-SA 3.0,GPL 3.0" ,"https://opengameart.org/content/lpc-medieval-fantasy-character-sprites" 
"legs/skirts/plain/thin/slash.png","original by wulax, edited for female base by pvigier, edited for v3 base by bluecarrot16, idle & sit by Ahmad3366, color reduced & female sit/emote by JaidynReiman" ,"bluecarrot16,Pierre Vigier (pvigier),Johannes Sjölund (wulax),Ahmad3366,JaidynReiman" ,"OGA-BY 3.0,CC-BY-SA 3.0,GPL 3.0" ,"https://opengameart.org/content/lpc-medieval-fantasy-character-sprites" 
"legs/skirts/plain/male/shoot.png","original by wulax, edited for female base by pvigier, edited for v3 base by bluecarrot16, idle & sit by Ahmad3366, color reduced & female sit/emote by JaidynReiman" ,"bluecarrot16,Pierre Vigier (pvigier),Johannes Sjölund (wulax),Ahmad3366,JaidynReiman" ,"OGA-BY 3.0,CC-BY-SA 3.0,GPL 3.0" ,"https://opengameart.org/content/lpc-medieval-fantasy-character-sprites" 
"legs/skirts/plain/thin/shoot.png","original by wulax, edited for female base by pvigier, edited for v3 base by bluecarrot16, idle & sit by Ahmad3366, color reduced & female sit/emote by JaidynReiman" ,"bluecarrot16,Pierre Vigier (pvigier),Johannes Sjölund (wulax),Ahmad3366,JaidynReiman" ,"OGA-BY 3.0,CC-BY-SA 3.0,GPL 3.0" ,"https://opengameart.org/content/lpc-medieval-fantasy-character-sprites" 
"legs/skirts/plain/male/hurt.png","original by wulax, edited for female base by pvigier, edited for v3 base by bluecarrot16, idle & sit by Ahmad3366, color reduced & female sit/emote by JaidynReiman" ,"bluecarrot16,Pierre Vigier (pvigier),Johannes Sjölund (wulax),Ahmad3366,JaidynReiman" ,"OGA-BY 3.0,CC-BY-SA 3.0,GPL 3.0" ,"https://opengameart.org/content/lpc-medieval-fantasy-character-sprites" 
"legs/skirts/plain/thin/hurt.png","original by wulax, edited for female base by pvigier, edited for v3 base by bluecarrot16, idle & sit by Ahmad3366, color reduced & female sit/emote by JaidynReiman" ,"bluecarrot16,Pierre Vigier (pvigier),Johannes Sjölund (wulax),Ahmad3366,JaidynReiman" ,"OGA-BY 3.0,CC-BY-SA 3.0,GPL 3.0" ,"https://opengameart.org/content/lpc-medieval-fantasy-character-sprites" 
"legs/skirts/plain/male/idle.png","original by wulax, edited for female base by pvigier, edited for v3 base by bluecarrot16, idle & sit by Ahmad3366, color reduced & female sit/emote by JaidynReiman" ,"bluecarrot16,Pierre Vigier (pvigier),Johannes Sjölund (wulax),Ahmad3366,JaidynReiman" ,"OGA-BY 3.0,CC-BY-SA 3.0,GPL 3.0" ,"https://opengameart.org/content/lpc-medieval-fantasy-character-sprites" 
"legs/skirts/plain/thin/idle.png","original by wulax, edited for female base by pvigier, edited for v3 base by bluecarrot16, idle & sit by Ahmad3366, color reduced & female sit/emote by JaidynReiman" ,"bluecarrot16,Pierre Vigier (pvigier),Johannes Sjölund (wulax),Ahmad3366,JaidynReiman" ,"OGA-BY 3.0,CC-BY-SA 3.0,GPL 3.0" ,"https://opengameart.org/content/lpc-medieval-fantasy-character-sprites" 
"legs/skirts/slit/thin/spellcast.png","original **TightDress** by Nila122, edited to skirt by ElizaWy, extended to all animation frames and edited for v3 bases by bluecarrot16" ,"Nila122,ElizaWy,bluecarrot16" ,"OGA-BY 3.0,CC-BY-SA 3.0,GPL 2.0,GPL 3.0" ,"https://opengameart.org/content/lpc-clothes-and-hair,http://opengameart.org/content/lpc-clothing-updates" 
"legs/skirts/slit/thin/thrust.png","original **TightDress** by Nila122, edited to skirt by ElizaWy, extended to all animation frames and edited for v3 bases by bluecarrot16" ,"Nila122,ElizaWy,bluecarrot16" ,"OGA-BY 3.0,CC-BY-SA 3.0,GPL 2.0,GPL 3.0" ,"https://opengameart.org/content/lpc-clothes-and-hair,http://opengameart.org/content/lpc-clothing-updates" 
"legs/skirts/slit/thin/walk.png","original **TightDress** by Nila122, edited to skirt by ElizaWy, extended to all animation frames and edited for v3 bases by bluecarrot16" ,"Nila122,ElizaWy,bluecarrot16" ,"OGA-BY 3.0,CC-BY-SA 3.0,GPL 2.0,GPL 3.0" ,"https://opengameart.org/content/lpc-clothes-and-hair,http://opengameart.org/content/lpc-clothing-updates" 
"legs/skirts/slit/thin/slash.png","original **TightDress** by Nila122, edited to skirt by ElizaWy, extended to all animation frames and edited for v3 bases by bluecarrot16" ,"Nila122,ElizaWy,bluecarrot16" ,"OGA-BY 3.0,CC-BY-SA 3.0,GPL 2.0,GPL 3.0" ,"https://opengameart.org/content/lpc-clothes-and-hair,http://opengameart.org/content/lpc-clothing-updates" 
"legs/skirts/slit/thin/shoot.png","original **TightDress** by Nila122, edited to skirt by ElizaWy, extended to all animation frames and edited for v3 bases by bluecarrot16" ,"Nila122,ElizaWy,bluecarrot16" ,"OGA-BY 3.0,CC-BY-SA 3.0,GPL 2.0,GPL 3.0" ,"https://opengameart.org/content/lpc-clothes-and-hair,http://opengameart.org/content/lpc-clothing-updates" 
"legs/skirts/slit/thin/hurt.png","original **TightDress** by Nila122, edited to skirt by ElizaWy, extended to all animation frames and edited for v3 bases by bluecarrot16" ,"Nila122,ElizaWy,bluecarrot16" ,"OGA-BY 3.0,CC-BY-SA 3.0,GPL 2.0,GPL 3.0" ,"https://opengameart.org/content/lpc-clothes-and-hair,http://opengameart.org/content/lpc-clothing-updates" 
"legs/skirts/slit/thin/idle.png","original **TightDress** by Nila122, edited to skirt by ElizaWy, extended to all animation frames and edited for v3 bases by bluecarrot16" ,"Nila122,ElizaWy,bluecarrot16" ,"OGA-BY 3.0,CC-BY-SA 3.0,GPL 2.0,GPL 3.0" ,"https://opengameart.org/content/lpc-clothes-and-hair,http://opengameart.org/content/lpc-clothing-updates" 
"feet/armour/plate/male/spellcast.png","original by wulax, recolors by bigbeargames, edits for v3 base and recolors by bluecarrot16" ,"Matthew Krohn (makrohn),Johannes Sjölund (wulax)" ,"OGA-BY 3.0,CC-BY-SA 3.0,GPL 3.0" ,"https://opengameart.org/content/lpc-medieval-fantasy-character-sprites" 
"feet/armour/plate/thin/spellcast.png","original by wulax, recolors by bigbeargames, edits for v3 base and recolors by bluecarrot16" ,"Matthew Krohn (makrohn),Johannes Sjölund (wulax)" ,"OGA-BY 3.0,CC-BY-SA 3.0,GPL 3.0" ,"https://opengameart.org/content/lpc-medieval-fantasy-character-sprites" 
"feet/armour/plate/male/thrust.png","original by wulax, recolors by bigbeargames, edits for v3 base and recolors by bluecarrot16" ,"Matthew Krohn (makrohn),Johannes Sjölund (wulax)" ,"OGA-BY 3.0,CC-BY-SA 3.0,GPL 3.0" ,"https://opengameart.org/content/lpc-medieval-fantasy-character-sprites" 
"feet/armour/plate/thin/thrust.png","original by wulax, recolors by bigbeargames, edits for v3 base and recolors by bluecarrot16" ,"Matthew Krohn (makrohn),Johannes Sjölund (wulax)" ,"OGA-BY 3.0,CC-BY-SA 3.0,GPL 3.0" ,"https://opengameart.org/content/lpc-medieval-fantasy-character-sprites" 
"feet/armour/plate/male/walk.png","original by wulax, recolors by bigbeargames, edits for v3 base and recolors by bluecarrot16" ,"Matthew Krohn (makrohn),Johannes Sjölund (wulax)" ,"OGA-BY 3.0,CC-BY-SA 3.0,GPL 3.0" ,"https://opengameart.org/content/lpc-medieval-fantasy-character-sprites" 
"feet/armour/plate/thin/walk.png","original by wulax, recolors by bigbeargames, edits for v3 base and recolors by bluecarrot16" ,"Matthew Krohn (makrohn),Johannes Sjölund (wulax)" ,"OGA-BY 3.0,CC-BY-SA 3.0,GPL 3.0" ,"https://opengameart.org/content/lpc-medieval-fantasy-character-sprites" 
"feet/armour/plate/male/slash.png","original by wulax, recolors by bigbeargames, edits for v3 base and recolors by bluecarrot16" ,"Matthew Krohn (makrohn),Johannes Sjölund (wulax)" ,"OGA-BY 3.0,CC-BY-SA 3.0,GPL 3.0" ,"https://opengameart.org/content/lpc-medieval-fantasy-character-sprites" 
"feet/armour/plate/thin/slash.png","original by wulax, recolors by bigbeargames, edits for v3 base and recolors by bluecarrot16" ,"Matthew Krohn (makrohn),Johannes Sjölund (wulax)" ,"OGA-BY 3.0,CC-BY-SA 3.0,GPL 3.0" ,"https://opengameart.org/content/lpc-medieval-fantasy-character-sprites" 
"feet/armour/plate/male/shoot.png","original by wulax, recolors by bigbeargames, edits for v3 base and recolors by bluecarrot16" ,"Matthew Krohn (makrohn),Johannes Sjölund (wulax)" ,"OGA-BY 3.0,CC-BY-SA 3.0,GPL 3.0" ,"https://opengameart.org/content/lpc-medieval-fantasy-character-sprites" 
"feet/armour/plate/thin/shoot.png","original by wulax, recolors by bigbeargames, edits for v3 base and recolors by bluecarrot16" ,"Matthew Krohn (makrohn),Johannes Sjölund (wulax)" ,"OGA-BY 3.0,CC-BY-SA 3.0,GPL 3.0" ,"https://opengameart.org/content/lpc-medieval-fantasy-character-sprites" 
"feet/armour/plate/male/hurt.png","original by wulax, recolors by bigbeargames, edits for v3 base and recolors by bluecarrot16" ,"Matthew Krohn (makrohn),Johannes Sjölund (wulax)" ,"OGA-BY 3.0,CC-BY-SA 3.0,GPL 3.0" ,"https://opengameart.org/content/lpc-medieval-fantasy-character-sprites" 
"feet/armour/plate/thin/hurt.png","original by wulax, recolors by bigbeargames, edits for v3 base and recolors by bluecarrot16" ,"Matthew Krohn (makrohn),Johannes Sjölund (wulax)" ,"OGA-BY 3.0,CC-BY-SA 3.0,GPL 3.0" ,"https://opengameart.org/content/lpc-medieval-fantasy-character-sprites" 
"feet/armour/plate/male/idle.png","original by wulax, recolors by bigbeargames, edits for v3 base and recolors by bluecarrot16" ,"Matthew Krohn (makrohn),Johannes Sjölund (wulax)" ,"OGA-BY 3.0,CC-BY-SA 3.0,GPL 3.0" ,"https://opengameart.org/content/lpc-medieval-fantasy-character-sprites" 
"feet/armour/plate/thin/idle.png","original by wulax, recolors by bigbeargames, edits for v3 base and recolors by bluecarrot16" ,"Matthew Krohn (makrohn),Johannes Sjölund (wulax)" ,"OGA-BY 3.0,CC-BY-SA 3.0,GPL 3.0" ,"https://opengameart.org/content/lpc-medieval-fantasy-character-sprites" 
"feet/sandals/male/spellcast.png","edited for v3 bases by bluecarrot16, Jump/Sit/Emote/Run/Revised Combat by JaidynReiman" ,"Nila122,JaidynReiman,Matthew Krohn (makrohn),Johannes Sjölund (wulax)" ,"OGA-BY 3.0,CC-BY-SA 3.0,GPL 2.0,GPL 3.0" ,"https://opengameart.org/content/lpc-roman-armor,http://opengameart.org/content/lpc-clothing-updates,https://opengameart.org/content/lpc-expanded-socks-shoes" 
"feet/sandals/thin/spellcast.png","edited for v3 bases by bluecarrot16, Jump/Sit/Emote/Run/Revised Combat by JaidynReiman" ,"Nila122,JaidynReiman,Matthew Krohn (makrohn),Johannes Sjölund (wulax)" ,"OGA-BY 3.0,CC-BY-SA 3.0,GPL 2.0,GPL 3.0" ,"https://opengameart.org/content/lpc-roman-armor,http://opengameart.org/content/lpc-clothing-updates,https://opengameart.org/content/lpc-expanded-socks-shoes" 
"feet/sandals/male/thrust.png","edited for v3 bases by bluecarrot16, Jump/Sit/Emote/Run/Revised Combat by JaidynReiman" ,"Nila122,JaidynReiman,Matthew Krohn (makrohn),Johannes Sjölund (wulax)" ,"OGA-BY 3.0,CC-BY-SA 3.0,GPL 2.0,GPL 3.0" ,"https://opengameart.org/content/lpc-roman-armor,http://opengameart.org/content/lpc-clothing-updates,https://opengameart.org/content/lpc-expanded-socks-shoes" 
"feet/sandals/thin/thrust.png","edited for v3 bases by bluecarrot16, Jump/Sit/Emote/Run/Revised Combat by JaidynReiman" ,"Nila122,JaidynReiman,Matthew Krohn (makrohn),Johannes Sjölund (wulax)" ,"OGA-BY 3.0,CC-BY-SA 3.0,GPL 2.0,GPL 3.0" ,"https://opengameart.org/content/lpc-roman-armor,http://opengameart.org/content/lpc-clothing-updates,https://opengameart.org/content/lpc-expanded-socks-shoes" 
"feet/sandals/male/walk.png","edited for v3 bases by bluecarrot16, Jump/Sit/Emote/Run/Revised Combat by JaidynReiman" ,"Nila122,JaidynReiman,Matthew Krohn (makrohn),Johannes Sjölund (wulax)" ,"OGA-BY 3.0,CC-BY-SA 3.0,GPL 2.0,GPL 3.0" ,"https://opengameart.org/content/lpc-roman-armor,http://opengameart.org/content/lpc-clothing-updates,https://opengameart.org/content/lpc-expanded-socks-shoes" 
"feet/sandals/thin/walk.png","edited for v3 bases by bluecarrot16, Jump/Sit/Emote/Run/Revised Combat by JaidynReiman" ,"Nila122,JaidynReiman,Matthew Krohn (makrohn),Johannes Sjölund (wulax)" ,"OGA-BY 3.0,CC-BY-SA 3.0,GPL 2.0,GPL 3.0" ,"https://opengameart.org/content/lpc-roman-armor,http://opengameart.org/content/lpc-clothing-updates,https://opengameart.org/content/lpc-expanded-socks-shoes" 
"feet/sandals/male/slash.png","edited for v3 bases by bluecarrot16, Jump/Sit/Emote/Run/Revised Combat by JaidynReiman" ,"Nila122,JaidynReiman,Matthew Krohn (makrohn),Johannes Sjölund (wulax)" ,"OGA-BY 3.0,CC-BY-SA 3.0,GPL 2.0,GPL 3.0" ,"https://opengameart.org/content/lpc-roman-armor,http://opengameart.org/content/lpc-clothing-updates,https://opengameart.org/content/lpc-expanded-socks-shoes" 
"feet/sandals/thin/slash.png","edited for v3 bases by bluecarrot16, Jump/Sit/Emote/Run/Revised Combat by JaidynReiman" ,"Nila122,JaidynReiman,Matthew Krohn (makrohn),Johannes Sjölund (wulax)" ,"OGA-BY 3.0,CC-BY-SA 3.0,GPL 2.0,GPL 3.0" ,"https://opengameart.org/content/lpc-roman-armor,http://opengameart.org/content/lpc-clothing-updates,https://opengameart.org/content/lpc-expanded-socks-shoes" 
"feet/sandals/male/shoot.png","edited for v3 bases by bluecarrot16, Jump/Sit/Emote/Run/Revised Combat by JaidynReiman" ,"Nila122,JaidynReiman,Matthew Krohn (makrohn),Johannes Sjölund (wulax)" ,"OGA-BY 3.0,CC-BY-SA 3.0,GPL 2.0,GPL 3.0" ,"https://opengameart.org/content/lpc-roman-armor,http://opengameart.org/content/lpc-clothing-updates,https://opengameart.org/content/lpc-expanded-socks-shoes" 
"feet/sandals/thin/shoot.png","edited for v3 bases by bluecarrot16, Jump/Sit/Emote/Run/Revised Combat by JaidynReiman" ,"Nila122,JaidynReiman,Matthew Krohn (makrohn),Johannes Sjölund (wulax)" ,"OGA-BY 3.0,CC-BY-SA 3.0,GPL 2.0,GPL 3.0" ,"https://opengameart.org/content/lpc-roman-armor,http://opengameart.org/content/lpc-clothing-updates,https://opengameart.org/content/lpc-expanded-socks-shoes" 
"feet/sandals/male/hurt.png","edited for v3 bases by bluecarrot16, Jump/Sit/Emote/Run/Revised Combat by JaidynReiman" ,"Nila122,JaidynReiman,Matthew Krohn (makrohn),Johannes Sjölund (wulax)" ,"OGA-BY 3.0,CC-BY-SA 3.0,GPL 2.0,GPL 3.0" ,"https://opengameart.org/content/lpc-roman-armor,http://opengameart.org/content/lpc-clothing-updates,https://opengameart.org/content/lpc-expanded-socks-shoes" 
"feet/sandals/thin/hurt.png","edited for v3 bases by bluecarrot16, Jump/Sit/Emote/Run/Revised Combat by JaidynReiman" ,"Nila122,JaidynReiman,Matthew Krohn (makrohn),Johannes Sjölund (wulax)" ,"OGA-BY 3.0,CC-BY-SA 3.0,GPL 2.0,GPL 3.0" ,"https://opengameart.org/content/lpc-roman-armor,http://opengameart.org/content/lpc-clothing-updates,https://opengameart.org/content/lpc-expanded-socks-shoes" 
"feet/sandals/male/idle.png","edited for v3 bases by bluecarrot16, Jump/Sit/Emote/Run/Revised Combat by JaidynReiman" ,"Nila122,JaidynReiman,Matthew Krohn (makrohn),Johannes Sjölund (wulax)" ,"OGA-BY 3.0,CC-BY-SA 3.0,GPL 2.0,GPL 3.0" ,"https://opengameart.org/content/lpc-roman-armor,http://opengameart.org/content/lpc-clothing-updates,https://opengameart.org/content/lpc-expanded-socks-shoes" 
"feet/sandals/thin/idle.png","edited for v3 bases by bluecarrot16, Jump/Sit/Emote/Run/Revised Combat by JaidynReiman" ,"Nila122,JaidynReiman,Matthew Krohn (makrohn),Johannes Sjölund (wulax)" ,"OGA-BY 3.0,CC-BY-SA 3.0,GPL 2.0,GPL 3.0" ,"https://opengameart.org/content/lpc-roman-armor,http://opengameart.org/content/lpc-clothing-updates,https://opengameart.org/content/lpc-expanded-socks-shoes" 
"feet/shoes/basic/male/spellcast.png","original by wulax, edited for v3 base by bluecarrot16, Jump/Sit/Emote/Run/Revised Combat by JaidynReiman" ,"JaidynReiman,bluecarrot16,Johannes Sjölund (wulax)" ,"OGA-BY 3.0,CC-BY-SA 3.0,GPL 3.0" ,"https://opengameart.org/content/lpc-medieval-fantasy-character-sprites,http://opengameart.org/content/lpc-clothing-updates,https://opengameart.org/content/lpc-expanded-socks-shoes" 
"feet/shoes/basic/thin/spellcast.png","original by wulax, edited for female base by Joe White, edited for v3 base by bluecarrot16, Jump/Sit/Emote/Run/Revised Combat by JaidynReiman" ,"JaidynReiman,Joe White,Johannes Sjölund (wulax)" ,"OGA-BY 3.0,CC-BY-SA 3.0,GPL 3.0" ,"https://opengameart.org/content/lpc-medieval-fantasy-character-sprites,http://opengameart.org/content/lpc-clothing-updates,https://opengameart.org/content/lpc-expanded-socks-shoes" 
"feet/shoes/basic/male/thrust.png","original by wulax, edited for v3 base by bluecarrot16, Jump/Sit/Emote/Run/Revised Combat by JaidynReiman" ,"JaidynReiman,bluecarrot16,Johannes Sjölund (wulax)" ,"OGA-BY 3.0,CC-BY-SA 3.0,GPL 3.0" ,"https://opengameart.org/content/lpc-medieval-fantasy-character-sprites,http://opengameart.org/content/lpc-clothing-updates,https://opengameart.org/content/lpc-expanded-socks-shoes" 
"feet/shoes/basic/thin/thrust.png","original by wulax, edited for female base by Joe White, edited for v3 base by bluecarrot16, Jump/Sit/Emote/Run/Revised Combat by JaidynReiman" ,"JaidynReiman,Joe White,Johannes Sjölund (wulax)" ,"OGA-BY 3.0,CC-BY-SA 3.0,GPL 3.0" ,"https://opengameart.org/content/lpc-medieval-fantasy-character-sprites,http://opengameart.org/content/lpc-clothing-updates,https://opengameart.org/content/lpc-expanded-socks-shoes" 
"feet/shoes/basic/male/walk.png","original by wulax, edited for v3 base by bluecarrot16, Jump/Sit/Emote/Run/Revised Combat by JaidynReiman" ,"JaidynReiman,bluecarrot16,Johannes Sjölund (wulax)" ,"OGA-BY 3.0,CC-BY-SA 3.0,GPL 3.0" ,"https://opengameart.org/content/lpc-medieval-fantasy-character-sprites,http://opengameart.org/content/lpc-clothing-updates,https://opengameart.org/content/lpc-expanded-socks-shoes" 
"feet/shoes/basic/thin/walk.png","original by wulax, edited for female base by Joe White, edited for v3 base by bluecarrot16, Jump/Sit/Emote/Run/Revised Combat by JaidynReiman" ,"JaidynReiman,Joe White,Johannes Sjölund (wulax)" ,"OGA-BY 3.0,CC-BY-SA 3.0,GPL 3.0" ,"https://opengameart.org/content/lpc-medieval-fantasy-character-sprites,http://opengameart.org/content/lpc-clothing-updates,https://opengameart.org/content/lpc-expanded-socks-shoes" 
"feet/shoes/basic/male/slash.png","original by wulax, edited for v3 base by bluecarrot16, Jump/Sit/Emote/Run/Revised Combat by JaidynReiman" ,"JaidynReiman,bluecarrot16,Johannes Sjölund (wulax)" ,"OGA-BY 3.0,CC-BY-SA 3.0,GPL 3.0" ,"https://opengameart.org/content/lpc-medieval-fantasy-character-sprites,http://opengameart.org/content/lpc-clothing-updates,https://opengameart.org/content/lpc-expanded-socks-shoes" 
"feet/shoes/basic/thin/slash.png","original by wulax, edited for female base by Joe White, edited for v3 base by bluecarrot16, Jump/Sit/Emote/Run/Revised Combat by JaidynReiman" ,"JaidynReiman,Joe White,Johannes Sjölund (wulax)" ,"OGA-BY 3.0,CC-BY-SA 3.0,GPL 3.0" ,"https://opengameart.org/content/lpc-medieval-fantasy-character-sprites,http://opengameart.org/content/lpc-clothing-updates,https://opengameart.org/content/lpc-expanded-socks-shoes" 
"feet/shoes/basic/male/shoot.png","original by wulax, edited for v3 base by bluecarrot16, Jump/Sit/Emote/Run/Revised Combat by JaidynReiman" ,"JaidynReiman,bluecarrot16,Johannes Sjölund (wulax)" ,"OGA-BY 3.0,CC-BY-SA 3.0,GPL 3.0" ,"https://opengameart.org/content/lpc-medieval-fantasy-character-sprites,http://opengameart.org/content/lpc-clothing-updates,https://opengameart.org/content/lpc-expanded-socks-shoes" 
"feet/shoes/basic/thin/shoot.png","original by wulax, edited for female base by Joe White, edited for v3 base by bluecarrot16, Jump/Sit/Emote/Run/Revised Combat by JaidynReiman" ,"JaidynReiman,Joe White,Johannes Sjölund (wulax)" ,"OGA-BY 3.0,CC-BY-SA 3.0,GPL 3.0" ,"https://opengameart.org/content/lpc-medieval-fantasy-character-sprites,http://opengameart.org/content/lpc-clothing-updates,https://opengameart.org/content/lpc-expanded-socks-shoes" 
"feet/shoes/basic/male/hurt.png","original by wulax, edited for v3 base by bluecarrot16, Jump/Sit/Emote/Run/Revised Combat by JaidynReiman" ,"JaidynReiman,bluecarrot16,Johannes Sjölund (wulax)" ,"OGA-BY 3.0,CC-BY-SA 3.0,GPL 3.0" ,"https://opengameart.org/content/lpc-medieval-fantasy-character-sprites,http://opengameart.org/content/lpc-clothing-updates,https://opengameart.org/content/lpc-expanded-socks-shoes" 
"feet/shoes/basic/thin/hurt.png","original by wulax, edited for female base by Joe White, edited for v3 base by bluecarrot16, Jump/Sit/Emote/Run/Revised Combat by JaidynReiman" ,"JaidynReiman,Joe White,Johannes Sjölund (wulax)" ,"OGA-BY 3.0,CC-BY-SA 3.0,GPL 3.0" ,"https://opengameart.org/content/lpc-medieval-fantasy-character-sprites,http://opengameart.org/content/lpc-clothing-updates,https://opengameart.org/content/lpc-expanded-socks-shoes" 
"feet/shoes/basic/male/idle.png","original by wulax, edited for v3 base by bluecarrot16, Jump/Sit/Emote/Run/Revised Combat by JaidynReiman" ,"JaidynReiman,bluecarrot16,Johannes Sjölund (wulax)" ,"OGA-BY 3.0,CC-BY-SA 3.0,GPL 3.0" ,"https://opengameart.org/content/lpc-medieval-fantasy-character-sprites,http://opengameart.org/content/lpc-clothing-updates,https://opengameart.org/content/lpc-expanded-socks-shoes" 
"feet/shoes/basic/thin/idle.png","original by wulax, edited for female base by Joe White, edited for v3 base by bluecarrot16, Jump/Sit/Emote/Run/Revised Combat by JaidynReiman" ,"JaidynReiman,Joe White,Johannes Sjölund (wulax)" ,"OGA-BY 3.0,CC-BY-SA 3.0,GPL 3.0" ,"https://opengameart.org/content/lpc-medieval-fantasy-character-sprites,http://opengameart.org/content/lpc-clothing-updates,https://opengameart.org/content/lpc-expanded-socks-shoes" 
"feet/boots/basic/male/spellcast.png","original by Nila122, edited for male and v3 bases by bluecarrot16, Jump/Sit/Emote/Run/Revised Combat by JaidynReiman" ,"JaidynReiman,bluecarrot16,Nila122" ,"OGA-BY 3.0,CC-BY-SA 3.0,GPL 2.0,GPL 3.0" ,"https://opengameart.org/content/lpc-clothes-and-hair,https://opengameart.org/content/lpc-expanded-socks-shoes" 
"feet/boots/basic/thin/spellcast.png","original by Nila122, edited for v3 bases by bluecarrot16, Jump/Sit/Emote/Run/Revised Combat by JaidynReiman" ,"JaidynReiman,bluecarrot16,Nila122" ,"OGA-BY 3.0,CC-BY-SA 3.0,GPL 2.0,GPL 3.0" ,"https://opengameart.org/content/lpc-clothes-and-hair,https://opengameart.org/content/lpc-expanded-socks-shoes" 
"feet/boots/basic/male/thrust.png","original by Nila122, edited for male and v3 bases by bluecarrot16, Jump/Sit/Emote/Run/Revised Combat by JaidynReiman" ,"JaidynReiman,bluecarrot16,Nila122" ,"OGA-BY 3.0,CC-BY-SA 3.0,GPL 2.0,GPL 3.0" ,"https://opengameart.org/content/lpc-clothes-and-hair,https://opengameart.org/content/lpc-expanded-socks-shoes" 
"feet/boots/basic/thin/thrust.png","original by Nila122, edited for v3 bases by bluecarrot16, Jump/Sit/Emote/Run/Revised Combat by JaidynReiman" ,"JaidynReiman,bluecarrot16,Nila122" ,"OGA-BY 3.0,CC-BY-SA 3.0,GPL 2.0,GPL 3.0" ,"https://opengameart.org/content/lpc-clothes-and-hair,https://opengameart.org/content/lpc-expanded-socks-shoes" 
"feet/boots/basic/male/walk.png","original by Nila122, edited for male and v3 bases by bluecarrot16, Jump/Sit/Emote/Run/Revised Combat by JaidynReiman" ,"JaidynReiman,bluecarrot16,Nila122" ,"OGA-BY 3.0,CC-BY-SA 3.0,GPL 2.0,GPL 3.0" ,"https://opengameart.org/content/lpc-clothes-and-hair,https://opengameart.org/content/lpc-expanded-socks-shoes" 
"feet/boots/basic/thin/walk.png","original by Nila122, edited for v3 bases by bluecarrot16, Jump/Sit/Emote/Run/Revised Combat by JaidynReiman" ,"JaidynReiman,bluecarrot16,Nila122" ,"OGA-BY 3.0,CC-BY-SA 3.0,GPL 2.0,GPL 3.0" ,"https://opengameart.org/content/lpc-clothes-and-hair,https://opengameart.org/content/lpc-expanded-socks-shoes" 
"feet/boots/basic/male/slash.png","original by Nila122, edited for male and v3 bases by bluecarrot16, Jump/Sit/Emote/Run/Revised Combat by JaidynReiman" ,"JaidynReiman,bluecarrot16,Nila122" ,"OGA-BY 3.0,CC-BY-SA 3.0,GPL 2.0,GPL 3.0" ,"https://opengameart.org/content/lpc-clothes-and-hair,https://opengameart.org/content/lpc-expanded-socks-shoes" 
"feet/boots/basic/thin/slash.png","original by Nila122, edited for v3 bases by bluecarrot16, Jump/Sit/Emote/Run/Revised Combat by JaidynReiman" ,"JaidynReiman,bluecarrot16,Nila122" ,"OGA-BY 3.0,CC-BY-SA 3.0,GPL 2.0,GPL 3.0" ,"https://opengameart.org/content/lpc-clothes-and-hair,https://opengameart.org/content/lpc-expanded-socks-shoes" 
"feet/boots/basic/male/shoot.png","original by Nila122, edited for male and v3 bases by bluecarrot16, Jump/Sit/Emote/Run/Revised Combat by JaidynReiman" ,"JaidynReiman,bluecarrot16,Nila122" ,"OGA-BY 3.0,CC-BY-SA 3.0,GPL 2.0,GPL 3.0" ,"https://opengameart.org/content/lpc-clothes-and-hair,https://opengameart.org/content/lpc-expanded-socks-shoes" 
"feet/boots/basic/thin/shoot.png","original by Nila122, edited for v3 bases by bluecarrot16, Jump/Sit/Emote/Run/Revised Combat by JaidynReiman" ,"JaidynReiman,bluecarrot16,Nila122" ,"OGA-BY 3.0,CC-BY-SA 3.0,GPL 2.0,GPL 3.0" ,"https://opengameart.org/content/lpc-clothes-and-hair,https://opengameart.org/content/lpc-expanded-socks-shoes" 
"feet/boots/basic/male/hurt.png","original by Nila122, edited for male and v3 bases by bluecarrot16, Jump/Sit/Emote/Run/Revised Combat by JaidynReiman" ,"JaidynReiman,bluecarrot16,Nila122" ,"OGA-BY 3.0,CC-BY-SA 3.0,GPL 2.0,GPL 3.0" ,"https://opengameart.org/content/lpc-clothes-and-hair,https://opengameart.org/content/lpc-expanded-socks-shoes" 
"feet/boots/basic/thin/hurt.png","original by Nila122, edited for v3 bases by bluecarrot16, Jump/Sit/Emote/Run/Revised Combat by JaidynReiman" ,"JaidynReiman,bluecarrot16,Nila122" ,"OGA-BY 3.0,CC-BY-SA 3.0,GPL 2.0,GPL 3.0" ,"https://opengameart.org/content/lpc-clothes-and-hair,https://opengameart.org/content/lpc-expanded-socks-shoes" 
"feet/boots/basic/male/idle.png","original by Nila122, edited for male and v3 bases by bluecarrot16, Jump/Sit/Emote/Run/Revised Combat by JaidynReiman" ,"JaidynReiman,bluecarrot16,Nila122" ,"OGA-BY 3.0,CC-BY-SA 3.0,GPL 2.0,GPL 3.0" ,"https://opengameart.org/content/lpc-clothes-and-hair,https://opengameart.org/content/lpc-expanded-socks-shoes" 
"feet/boots/basic/thin/idle.png","original by Nila122, edited for v3 bases by bluecarrot16, Jump/Sit/Emote/Run/Revised Combat by JaidynReiman" ,"JaidynReiman,bluecarrot16,Nila122" ,"OGA-BY 3.0,CC-BY-SA 3.0,GPL 2.0,GPL 3.0" ,"https://opengameart.org/content/lpc-clothes-and-hair,https://opengameart.org/content/lpc-expanded-socks-shoes" 
"feet/boots/rimmed/male/spellcast.png","" ,"JaidynReiman" ,"OGA-BY 3.0+,CC-BY 3.0+,GPL 3.0" ,"https://opengameart.org/content/lpc-kimono-relm,https://opengameart.org/content/lpc-expanded-socks-shoes" 
"feet/boots/rimmed/thin/spellcast.png","" ,"JaidynReiman" ,"OGA-BY 3.0+,CC-BY 3.0+,GPL 3.0" ,"https://opengameart.org/content/lpc-kimono-relm,https://opengameart.org/content/lpc-expanded-socks-shoes" 
"feet/boots/rimmed/male/thrust.png","" ,"JaidynReiman" ,"OGA-BY 3.0+,CC-BY 3.0+,GPL 3.0" ,"https://opengameart.org/content/lpc-kimono-relm,https://opengameart.org/content/lpc-expanded-socks-shoes" 
"feet/boots/rimmed/thin/thrust.png","" ,"JaidynReiman" ,"OGA-BY 3.0+,CC-BY 3.0+,GPL 3.0" ,"https://opengameart.org/content/lpc-kimono-relm,https://opengameart.org/content/lpc-expanded-socks-shoes" 
"feet/boots/rimmed/male/walk.png","" ,"JaidynReiman" ,"OGA-BY 3.0+,CC-BY 3.0+,GPL 3.0" ,"https://opengameart.org/content/lpc-kimono-relm,https://opengameart.org/content/lpc-expanded-socks-shoes" 
"feet/boots/rimmed/thin/walk.png","" ,"JaidynReiman" ,"OGA-BY 3.0+,CC-BY 3.0+,GPL 3.0" ,"https://opengameart.org/content/lpc-kimono-relm,https://opengameart.org/content/lpc-expanded-socks-shoes" 
"feet/boots/rimmed/male/slash.png","" ,"JaidynReiman" ,"OGA-BY 3.0+,CC-BY 3.0+,GPL 3.0" ,"https://opengameart.org/content/lpc-kimono-relm,https://opengameart.org/content/lpc-expanded-socks-shoes" 
"feet/boots/rimmed/thin/slash.png","" ,"JaidynReiman" ,"OGA-BY 3.0+,CC-BY 3.0+,GPL 3.0" ,"https://opengameart.org/content/lpc-kimono-relm,https://opengameart.org/content/lpc-expanded-socks-shoes" 
"feet/boots/rimmed/male/shoot.png","" ,"JaidynReiman" ,"OGA-BY 3.0+,CC-BY 3.0+,GPL 3.0" ,"https://opengameart.org/content/lpc-kimono-relm,https://opengameart.org/content/lpc-expanded-socks-shoes" 
"feet/boots/rimmed/thin/shoot.png","" ,"JaidynReiman" ,"OGA-BY 3.0+,CC-BY 3.0+,GPL 3.0" ,"https://opengameart.org/content/lpc-kimono-relm,https://opengameart.org/content/lpc-expanded-socks-shoes" 
"feet/boots/rimmed/male/hurt.png","" ,"JaidynReiman" ,"OGA-BY 3.0+,CC-BY 3.0+,GPL 3.0" ,"https://opengameart.org/content/lpc-kimono-relm,https://opengameart.org/content/lpc-expanded-socks-shoes" 
"feet/boots/rimmed/thin/hurt.png","" ,"JaidynReiman" ,"OGA-BY 3.0+,CC-BY 3.0+,GPL 3.0" ,"https://opengameart.org/content/lpc-kimono-relm,https://opengameart.org/content/lpc-expanded-socks-shoes" 
"feet/boots/rimmed/male/idle.png","" ,"JaidynReiman" ,"OGA-BY 3.0+,CC-BY 3.0+,GPL 3.0" ,"https://opengameart.org/content/lpc-kimono-relm,https://opengameart.org/content/lpc-expanded-socks-shoes" 
"feet/boots/rimmed/thin/idle.png","" ,"JaidynReiman" ,"OGA-BY 3.0+,CC-BY 3.0+,GPL 3.0" ,"https://opengameart.org/content/lpc-kimono-relm,https://opengameart.org/content/lpc-expanded-socks-shoes" 
